㐆,⿻尸？,尸
㐌,⿱亻也,亻
㐬,⿱亠川,川
㐭,⿱亠回,亠
㐱,⿱人彡,彡
㒸,⿱丷豕,豕
㒼,⿱廿？,巾
㓞,⿰丰刀,刀
㔾,⿱？㔾,㔾
㕡,⿰谷又,谷
㝵,⿱日寸,寸
㠯,⿻己？,己
㡭,⿺纟？,纟
㢆,⿸广里,广
㢟,⿰廴止,廴
㣎,⿱白彡,白
㥯,⿱？心,心
㧜,⿰扌匝,扌
㬎,⿱日灬,日
㲋,⿱⺈比,比
㳄,⿰氵欠,氵
㼌,⿰瓜瓜,瓜
㿽,⿱兮皿,皿
䍃,⿱爫缶,缶
䕭,⿱艹燅,艹
䙴,⿱覀㔾,覀
䜌,⿲糹言糹,糹
䠀,⿰足尚,足
䧹,⿸广倠,隹
䰾,⿰魚巴,魚
䴉,⿰睘鳥,鳥
一,⿱一？,一
丁,⿱一？,一
丂,⿱一？,一
七,⿱一乚,一
丄,⿱丨一,一
万,⿱一？,一
丈,⿱一又,一
三,⿱一二,一
上,⿱⺊一,一
下,⿱一卜,一
丌,⿱一？,一
不,⿱一？,一
与,口,一
丏,⿱一？,一
丐,⿱一？,一
丑,口,一
专,口,一
且,⿱月一,一
丕,⿱不一,一
世,口,一
丘,⿱斤一,一
丙,⿱一内,一
业,⿱？一,一
丛,⿱从一,一
东,⿱？小,一
丝,⿱？一,一
丞,⿱氶一,一
丟,⿱一厶,一
丢,⿱一厶,一
两,⿱一？,一
严,⿱一？,一
並,⿱丷亚,一
丧,⿱？衣,十
丨,⿱？丨,丨
丩,⿰？丨,丨
个,⿱人丨,丨
丫,⿱丷丨,丨
中,口,丨
丰,口,丨
串,口,丨
临,⿰刂？,丨
丵,⿱业干,业
丸,口,九
丹,口,丶
为,口,丶
主,⿱丶王,丶
丽,⿱一？,一
举,口,兴
乃,口,丿
久,口,丿
么,口,丿
义,口,丿
之,口,丿
乌,口,丿
乍,口,丿
乎,口,丿
乏,⿱丿之,丿
乐,⿱丿？,丿
乑,⿱丿？,丿
乒,口,丿
乓,口,丿
乔,⿱丿？,大
乖,口,丿
乘,口,丿
乙,口,乙
乜,口,乚
九,口,乙
乞,口,乙
也,口,乚
习,口,冫
乡,口幺,幺
书,口,丨
乩,⿰占乚,乚
买,口,大
乱,⿰舌乚,乚
乳,⿰孚乚,乚
乶,⿱甫乙,乙
乹,⿰龺乚,乚
乾,⿰龺乞,乙
乿,⿰？乚,乚
亂,⿰？乚,乚
了,口,亅
予,口予,亅
争,⿱𠂊亅,亅
事,⿱一亅,亅
二,⿱一一,二
亍,⿱一丁,二
于,⿱一？,二
亏,⿱一？,二
云,⿱一厶,二
互,⿱一？,二
亓,⿱一？,二
五,⿱一？,二
井,口,二
亘,⿱一旦,二
亙,⿱一？,二
亚,⿱一业,一
些,口,二
亞,⿱一？,二
亟,⿱？一,一
亠,⿱亠？,亠
亡,⿱亠？,亠
亢,⿱亠几,亠
交,⿱亠？,亠
亥,⿱亠？,亠
亦,⿱亠？,亠
产,⿱亠厂,亠
亨,⿱亠了,亠
亩,⿱亠田,亠
享,⿱亠子,亠
京,⿱亠小,亠
亭,⿱亠丁,亠
亮,⿱亠几,亠
亲,⿱立小,立
亳,⿱亠乇,亠
亵,⿱亠衣,亠
亶,⿱亠旦,亠
亹,⿱亠舋,亠
人,口,人
亼,⿱人一,人
亾,⿺？人,人
亿,⿰亻乙,亻
什,⿰亻十,亻
仁,⿰亻二,亻
仂,⿰亻力,亻
仃,⿰亻丁,亻
仄,⿸厂人,人
仅,⿰亻又,亻
仆,⿰亻卜,亻
仇,⿰亻九,亻
仉,⿰亻几,亻
今,⿱人？,人
介,⿱人？,人
仌,⿱人人,人
仍,⿰亻乃,亻
从,口,人
仑,⿱人匕,人
仓,⿱人㔾,人
仔,⿰亻子,亻
仕,⿰亻士,亻
他,⿰亻也,亻
仗,⿰亻丈,亻
付,⿰亻寸,亻
仙,⿰亻山,亻
仝,⿱人工,人
仞,⿰亻刃,亻
仟,⿰亻千,亻
仡,⿰亻乞,亻
代,⿰亻弋,亻
令,⿱人？,人
以,口,人
仨,⿰亻三,亻
仪,⿰亻义,亻
仫,⿰亻么,亻
们,⿰亻门,亻
仰,⿰亻卬,亻
仲,⿰亻中,亻
仳,⿰亻比,亻
仵,⿰亻午,亻
件,⿰亻牛,亻
价,⿰亻介,亻
任,⿰亻壬,亻
份,⿰亻分,亻
仿,⿰亻方,亻
企,⿱人止,人
伄,⿰亻弔,亻
伉,⿰亻亢,亻
伊,⿰亻尹,亻
伍,⿰亻五,亻
伎,⿰亻支,亻
伏,⿰亻犬,亻
伐,⿰亻戈,亻
休,⿰亻木,亻
伕,⿰亻夫,亻
众,品人,人
优,⿰亻尤,亻
伙,⿰亻火,亻
会,⿱人云,人
伛,⿰亻区,亻
伞,⿱人？,人
伟,⿰亻韦,亻
传,⿰亻专,亻
伢,⿰亻牙,亻
伤,⿰亻？,亻
伥,⿰亻长,亻
伦,⿰亻仑,亻
伧,⿰亻仓,亻
伪,⿰亻为,亻
伫,⿰亻？,亻
伯,⿰亻白,亻
估,⿰亻古,亻
伲,⿰亻尼,亻
伴,⿰亻半,亻
伶,⿰亻令,亻
伸,⿰亻申,亻
伺,⿰亻司,亻
似,⿰亻以,亻
伽,⿰亻加,亻
伾,⿰亻丕,亻
佃,⿰亻田,亻
但,⿰亻旦,亻
佇,⿰亻宁,亻
佈,⿰亻布,亻
佉,⿰亻去,亻
位,⿰亻立,亻
低,⿰亻氐,亻
住,⿰亻主,亻
佐,⿰亻左,亻
佑,⿰亻右,亻
体,⿰亻本,亻
佔,⿰亻占,亻
何,⿰亻可,亻
佗,⿰亻它,亻
佘,⿱人示,人
余,⿱人示,人
佚,⿰亻失,亻
佛,⿰亻弗,亻
作,⿰亻乍,亻
佝,⿰亻句,亻
佞,⿰亻？,亻
佟,⿰亻冬,亻
你,⿰亻尔,亻
佣,⿰亻用,亻
佤,⿰亻瓦,亻
佥,⿱人一,人
佧,⿰亻卡,亻
佩,⿰亻？,亻
佬,⿰亻老,亻
佯,⿰亻羊,亻
佰,⿰亻百,亻
佳,⿰亻圭,亻
佴,⿰亻耳,亻
併,⿰亻并,亻
佶,⿰亻吉,亻
佻,⿰亻兆,亻
佼,⿰亻交,亻
佽,⿰亻次,亻
佾,⿰亻？,亻
使,⿰亻吏,亻
侃,⿰亻？,亻
侄,⿰亻至,亻
來,口,人
侈,⿰亻多,亻
侉,⿰亻夸,亻
例,⿰亻列,亻
侌,⿱今云,人
侍,⿰亻寺,亻
侏,⿰亻朱,亻
侑,⿰亻有,亻
侔,⿰亻牟,亻
侖,⿱人？,人
侗,⿰亻同,亻
供,⿰亻共,亻
依,⿰亻衣,亻
侠,⿰亻夹,亻
侣,⿰亻吕,亻
侥,⿰亻尧,亻
侦,⿰亻贞,亻
侧,⿰亻则,亻
侨,⿰亻乔,亻
侩,⿰亻会,亻
侪,⿰亻齐,亻
侬,⿰亻农,亻
侮,⿰亻每,亻
侯,⿰亻矦,亻
侵,⿰亻？,亻
侶,⿰亻呂,亻
侷,⿰亻局,亻
便,⿰亻更,亻
係,⿰亻系,亻
促,⿰亻足,亻
俄,⿰亻我,亻
俅,⿰亻求,亻
俉,⿰亻吾,亻
俊,⿰亻夋,亻
俎,⿰仌且,人
俏,⿰亻肖,亻
俐,⿰亻利,亻
俑,⿰亻甬,亻
俗,⿰亻谷,亻
俘,⿰亻孚,亻
俚,⿰亻里,亻
俛,⿰亻免,亻
俜,⿰亻甹,亻
保,⿰亻呆,亻
俞,⿱人刖,人
俟,⿰亻矣,亻
俠,⿰亻夾,亻
信,⿰亻言,亻
俣,⿰亻吴,亻
俦,⿰亻寿,亻
俨,⿰亻严,亻
俩,⿰亻两,亻
俪,⿰亻丽,亻
俭,⿰亻佥,亻
修,⿰亻？,亻
俯,⿰亻府,亻
俱,⿰亻具,亻
俳,⿰亻非,亻
俸,⿰亻奉,亻
俺,⿰亻奄,亻
俾,⿰亻卑,亻
倀,⿰亻長,亻
倆,⿰亻兩,亻
倉,⿱人口,人
個,⿰亻固,亻
倌,⿰亻官,亻
倍,⿰亻咅,亻
倏,⿰亻？,亻
們,⿰亻門,亻
倒,⿰亻到,亻
倔,⿰亻屈,亻
倖,⿰亻幸,亻
倘,⿰亻尚,亻
候,⿰亻矦,亻
倚,⿰亻奇,亻
倜,⿰亻周,亻
倝,⿰龺人,人
倞,⿰亻京,亻
借,⿰亻昔,亻
倠,⿰亻隹,亻
倡,⿰亻昌,亻
倥,⿰亻空,亻
倦,⿰亻卷,亻
倨,⿰亻居,亻
倩,⿰亻青,亻
倪,⿰亻兒,亻
倫,⿰亻侖,亻
倬,⿰亻卓,亻
倭,⿰亻委,亻
倮,⿰亻果,亻
债,⿰亻责,亻
倻,⿰亻耶,亻
值,⿰亻直,亻
倾,⿰亻顷,亻
偃,⿰亻匽,亻
假,⿰亻叚,亻
偈,⿰亻曷,亻
偉,⿰亻韋,亻
偌,⿰亻若,亻
偎,⿰亻畏,亻
偏,⿰亻扁,亻
偕,⿰亻皆,亻
做,⿰亻故,亻
俴,⿰亻戔,亻
停,⿰亻亭,亻
健,⿰亻建,亻
偬,⿰亻怱,亻
側,⿰亻則,亻
偵,⿰亻貞,亻
偶,⿰亻禺,亻
偷,⿰亻俞,亻
偻,⿰亻娄,亻
偽,⿰亻為,亻
偾,⿰亻贲,亻
偿,⿰亻尝,亻
傀,⿰亻鬼,亻
傅,⿰亻尃,亻
傈,⿰亻栗,亻
傍,⿰亻旁,亻
傑,⿰亻桀,亻
傕,⿰亻隺,亻
傖,⿰亻倉,亻
傘,⿱人十,人
備,⿰亻？,亻
傚,⿰亻效,亻
傢,⿰亻家,亻
傣,⿰亻泰,亻
傥,⿰亻党,亻
傧,⿰亻宾,亻
储,⿰亻诸,亻
傩,⿰亻难,亻
催,⿰亻崔,亻
傭,⿰亻庸,亻
傯,⿰亻悤,亻
傲,⿰亻敖,亻
傳,⿰亻專,亻
債,⿰亻責,亻
傷,⿰亻昜,亻
傺,⿰亻祭,亻
傻,⿰亻？,亻
傾,⿰亻頃,亻
傿,⿰亻焉,亻
僂,⿰亻婁,亻
僅,⿰亻堇,亻
僉,⿱人从,人
像,⿰亻象,亻
僑,⿰亻喬,亻
僕,⿰亻菐,亻
僖,⿰亻喜,亻
僚,⿰亻尞,亻
僥,⿰亻堯,亻
僦,⿰亻就,亻
僧,⿰亻曾,亻
僬,⿰亻焦,亻
僭,⿰亻朁,亻
僮,⿰亻童,亻
僱,⿰亻雇,亻
僳,⿰亻粟,亻
僵,⿰亻畺,亻
價,⿰亻賈,亻
僻,⿰亻辟,亻
儀,⿰亻義,亻
儂,⿰亻農,亻
億,⿰亻意,亻
儅,⿰亻當,亻
儆,⿰亻敬,亻
儇,⿰亻睘,亻
儈,⿰亻會,亻
儉,⿰亻僉,亻
儋,⿰亻詹,亻
儒,⿰亻需,亻
儕,⿰亻齊,亻
儘,⿰亻盡,亻
償,⿰亻賞,亻
儡,⿰亻畾,亻
優,⿰亻憂,亻
儲,⿰亻諸,亻
儷,⿰亻麗,亻
儸,⿰亻羅,亻
儺,⿰亻難,亻
儻,⿰亻黨,亻
儼,⿰亻嚴,亻
儿,⿱？儿,儿
兀,⿱一儿,兀
允,⿱厶儿,儿
元,⿱二儿,儿
兄,⿱口儿,儿
充,⿱亠允,儿
兆,⿱？儿,儿
兇,⿱凶儿,儿
先,⿱？儿,儿
光,⿱光儿,儿
克,⿱古儿,儿
兌,⿱八儿,儿
免,⿱⺈儿,儿
兑,⿱丷兄,儿
兒,⿱臼儿,儿
兓,⿰旡旡,儿
兔,⿱⺈儿,儿
兕,⿱凹儿,儿
兖,⿱六儿,儿
兗,⿱六儿,儿
党,⿱尚儿,儿
兜,⿱？儿,儿
兟,⿰先先,儿
兢,⿰克克,儿
入,口,入
內,⿵冂？,入
全,⿱人王,人
兩,⿱一？,入
八,口,八
公,口,八
六,⿱亠八,八
兮,口,八
兰,⿱丷三,丷
共,⿱？八,八
关,⿱丷天,丷
兴,⿱⺍八,八
兵,⿱丘八,八
其,⿱？八,八
具,⿱？八,八
典,⿱曲八,八
兹,⿱丷？,艹
养,⿱羊儿,丷
兼,⿱丷？,丷
兽,⿱丷口,丷
冀,⿱北八,八
冁,⿰单展,丷
冂,⿵冂？,冂
内,⿵冂人,入
円,⿵冂丄,冂
冈,⿵冂乂,冂
冉,⿵冂土,冂
冊,⿵冂卄,冂
冋,⿵冂口,冂
册,口,冂
再,⿱一冉,冂
冎,⿱？冂,冂
冏,⿵冂？,冂
冑,⿱由⺼,⺼
冒,⿱日目,冂
冓,⿱井再,冂
冕,⿱日免,冂
冖,⿱冖？,冖
冗,⿱冖几,冖
冘,⿱冖乚,冖
写,⿱冖与,冖
军,⿱冖车,车
农,⿱冖？,冖
冝,⿱冖且,冖
冠,⿱冖寸,冖
冡,⿱冖豕,冖
冢,⿱冖豖,冖
冣,⿱冖取,冖
冤,⿱冖兔,冖
冥,⿱冖六,冖
冪,⿱冖幕,冖
冫,⿰冫？,冫
冬,口,⺀
冯,⿰冫马,马
冰,⿰冫水,冫
冱,⿰冫互,冫
冲,⿰冫中,冫
决,⿰冫夬,冫
况,⿰冫兄,冫
冶,⿰冫台,冫
冷,⿰冫令,冫
冻,⿰冫东,冫
冼,⿰冫先,冫
冽,⿰冫列,冫
净,⿰冫争,冫
凄,⿰冫妻,冫
准,⿰冫隹,冫
凇,⿰冫松,冫
凈,⿰冫爭,冫
凉,⿰冫京,冫
凋,⿰冫周,冫
凌,⿰冫夌,冫
凍,⿰冫東,冫
减,⿰冫咸,冫
凑,⿰冫奏,冫
凛,⿰冫禀,冫
凜,⿰冫稟,冫
凝,⿰冫疑,冫
几,⿵几X,几
凡,⿵几丶,几
凤,⿵几又,几
凩,⿵几木,几
凪,⿵几止,几
凧,⿵几巾,几
凮,⿵几百,几
凨,⿵几云,几
㓘,⿵几？,几
凲,⿵几兼,几
処,⿰夂几,夂
凫,⿱鸟几,几
凴,⿱馮几,几
凭,⿱任几,几
凯,⿰岂几,几
凰,⿵几皇,几
凱,⿰豈几,几
凳,⿱登几,几
凵,⿶凵？,凵
凶,⿶凵乂,凵
凸,⿶凵？,凵
凹,⿶凵？,凵
出,口,凵
击,口,凵
凷,⿶凵土,凵
凼,⿶凵水,凵
函,⿶凵了,凵
凾,⿶凵了,凵
凿,⿶凵丵,凵
刀,口,刀
刁,口,刁
刂,⿰？刂,刂
刃,口,刀
刅,口,刀
分,口,刀
切,⿰土刀,刀
刈,⿰乂刂,刂
刊,⿰干刂,刂
刍,⿱⺈彐,彐
刎,⿰勿刂,刂
刑,⿰开刂,刂
划,⿰戈刂,刂
刖,⿰⺼刂,刂
列,⿰歹刂,刂
刘,⿰文刂,刂
则,⿰贝刂,刂
刚,⿰冈刂,刂
创,⿰仓刂,刂
初,⿰衤刀,刀
删,⿰册刂,刂
判,⿰半刂,刂
別,⿰另刂,刂
刨,⿰包刂,刂
利,⿰禾刂,刂
刪,⿰冊刂,刂
别,⿰另刂,刂
刭,⿰？刂,刂
刮,⿰舌刂,刂
到,⿰至刂,刂
刳,⿰夸刂,刂
制,⿰？刂,刂
刷,⿰？刂,刂
券,⿱龹刀,刀
刹,⿰杀刂,刂
刺,⿰朿刂,刂
刻,⿰亥刂,刂
刽,⿰会刂,刂
刿,⿰岁刂,刂
剀,⿰岂刂,刂
剁,⿰朵刂,刂
剂,⿰齐刂,刂
剃,⿰弟刂,刂
則,⿰貝刂,刂
削,⿰肖刂,刂
剋,⿰克刂,刂
剌,⿰束刂,刂
前,⿱丷刂,刂
剎,⿰杀刂,刂
剐,⿰呙刂,刂
剑,⿰佥刂,刂
剔,⿰易刂,刂
剖,⿰咅刂,刂
剛,⿰岡刂,刂
剜,⿰宛刂,刂
剝,⿰彔刂,刂
剞,⿰奇刂,刂
剡,⿰炎刂,刂
剥,⿰录刂,刂
剧,⿰居刂,刂
剩,⿰乘刂,刂
剪,口,刀
剮,⿰咼刂,刂
副,⿰畐刂,刂
割,⿰害刂,刂
剳,⿰荅刂,刂
創,⿰倉刂,刂
剷,⿰産刂,刂
剽,⿰票刂,刂
剿,⿰巢刂,刂
劁,⿰焦刂,刂
劂,⿰厥刂,刂
劃,⿰畫刂,刂
劄,⿰答刂,⺮
劇,⿰豦刂,刂
劈,⿱辟刀,刀
劉,⿰？刂,刂
劊,⿰會刂,刂
劍,⿰僉刂,刂
劐,⿰蒦刂,刂
劑,⿰齊刂,刂
劓,⿰鼻刂,刂
力,口,力
劝,⿰又力,力
办,口,力
功,⿰工力,力
加,口,力
务,⿱夂力,夂
劢,⿰万力,力
劣,⿱少力,力
劦,品力,力
动,⿰云力,力
助,⿰且力,力
努,⿱奴力,力
劫,⿰去力,力
劬,⿰句力,力
劭,⿰召力,力
励,⿰厉力,力
劲,⿰巠力,力
劳,⿱艹力,力
劵,⿱龹力,力
劼,⿰吉力,力
劾,⿰亥力,力
势,⿱执力,力
勁,⿰巠力,力
勃,⿰孛力,力
勇,⿱甬力,力
勈,⿰甬力,力
勉,⿰免力,力
勋,⿰员力,力
勐,⿰孟力,力
勒,⿰革力,力
動,⿰重力,力
勖,⿰冒力,力
勘,⿰甚力,力
務,⿰矛务,力
勛,⿰員力,力
勝,⿰⺼劵,力
勞,⿱炏力,力
募,⿱莫力,力
勢,⿱埶力,力
勤,⿰堇力,力
勦,⿰巢力,力
勰,⿰劦思,力
勳,⿰熏力,力
勵,⿰厲力,力
勸,⿰雚力,力
勹,⿹勹？,勹
勺,⿹勹丶,勹
勻,⿹勹二,勹
勾,⿹勹厶,勹
勿,⿹勹？,勹
匀,⿹勹冫,勹
包,⿹勹巳,勹
匆,⿹勹？,勹
匈,⿹勹凶,勹
匊,⿹勹米,勹
匋,⿹勹缶,勹
匍,⿹勹甫,勹
匏,⿰夸包,勹
匐,⿹勹畐,勹
匕,口,匕
化,⿰亻匕,匕
北,口,匕
匙,⿰是匕,匕
匚,⿷匚？,匚
匛,⿷匚久,匚
匝,⿷匚巾,匚
匠,⿷匚斤,匚
匡,⿷匚王,匚
匣,⿷匚甲,匚
匦,⿷匚轨,匚
匧,⿷匚夾,匚
匪,⿷匚非,匚
匭,⿷匚軌,匚
匮,⿷匚贵,匚
匯,⿷匚淮,匚
匱,⿷匚貴,匚
匸,⿷匚？,匸
匹,⿷匚儿,匸
区,⿷匚乂,匸
医,⿷匚矢,匸
匽,⿷匚妟,匸
匾,⿷匚扁,匸
匿,⿷匚若,匸
區,⿷匚品,匸
十,口,十
卂,⿹乙十,十
千,⿱丿十,十
卄,⿰十十,十
卅,⿻一川,十
升,口,十
午,⿱？十,十
卉,口,十
半,口,十
卌,⿻一？,十
华,⿱化十,十
协,⿰十办,十
卑,⿱白十,十
卒,⿱亠十,十
卓,⿱？十,十
協,⿰十劦,十
单,⿱丷十,丷
卖,⿱十买,十
南,⿱十冂,十
博,⿰十尃,十
卜,口,卜
卞,⿱亠卜,卜
卟,⿰口卜,口
占,⿱⺊口,⺊
卡,口,卜
卢,口,⺊
卣,⿱⺊囗,⺊
卤,口,卤
卦,⿰圭卜,卜
卧,⿰臣卜,臣
卩,⿰？卩,卩
卫,⿱卩一,乛
卬,⿰匕卩,卩
卮,⿸厂㔾,㔾
卯,⿰？卩,卩
印,⿰？卩,卩
危,⿱𠂊㔾,㔾
即,⿰？卩,卩
却,⿰去卩,卩
卵,⿰？卩,卩
卷,⿱龹㔾,㔾
卸,⿰？卩,卩
卹,⿰血卩,卩
卺,⿱丞㔾,㔾
卻,⿰谷卩,卩
卿,⿰卯卩,卩
厂,⿸厂？,厂
厃,⿸厂？,厂
厄,⿸厂㔾,厂
厅,⿸厂丁,厂
历,⿸厂力,厂
厉,⿸厂万,厂
压,⿸厂土,厂
厌,⿸厂犬,厂
厍,⿸厂车,厂
厓,⿸厂？,厂
厕,⿸厂则,厂
厗,⿸厂辛,厂
厘,⿸厂里,厂
厚,⿸厂？,厂
厝,⿸厂昔,厂
原,⿸厂泉,厂
厢,⿸厂相,厂
厣,⿸厂？,厂
厤,⿸厂秝,厂
厥,⿸厂欮,厂
厦,⿸厂夏,厂
厨,⿸厂？,厂
厩,⿸厂既,厂
厪,⿸厂堇,厂
厭,⿸厂猒,厂
厮,⿸厂斯,厂
厲,⿸厂萬,厂
厶,⿱厶？,厶
厷,⿸？厶,厶
厹,⿱九厶,厶
去,⿱土厶,厶
厽,品厶,厶
县,⿱且厶,厶
叀,⿱？厶,厶
叁,⿱厶三,厶
参,⿱厶彡,厶
參,⿱厽彡,厶
又,口,又
叉,口,又
及,口,又
友,口,又
双,⿰又又,又
反,⿸厂又,又
发,口,又
叒,品又,又
叔,⿰？又,又
叕,⿱双双,又
取,⿰耳又,又
受,⿱爫又,又
变,⿱亦又,又
叙,⿰余又,又
叚,⿰？又,又
叛,⿰半反,又
叟,⿱臼又,又
叠,⿱叒且,又
叢,⿱业取,又
口,⿴囗？,口
古,⿱十口,口
句,⿹勹口,口
另,⿱口力,口
叨,⿰口刀,口
叩,⿰口卩,口
只,⿱口八,口
叫,⿰口丩,口
召,⿱刀口,口
叭,⿰口八,口
叮,⿰口丁,口
可,口,口
台,⿱厶口,口
叱,⿰口匕,口
史,囗,口
右,囗,口
叵,⿷匚口,口
叶,⿰口十,口
号,⿱口丂,口
司,囗,口
叹,⿰口又,口
叻,⿰口力,口
叼,⿰口刁,口
叽,⿰口几,口
吁,⿰口于,口
吂,⿱亡口,口
吃,⿰口乞,口
各,⿱夂口,口
吆,⿰口幺,口
合,⿱亼口,口
吉,⿱士口,口
吊,⿱口巾,口
吋,⿰口寸,口
同,⿵冂口,口
名,⿱夕口,口
后,口,口
吏,⿱一史,口
吐,⿰口土,口
向,⿵冂口,口
吒,⿰口乇,口
吓,⿰口下,口
吕,⿱口口,口
吖,⿰口丫,口
吗,⿰口马,口
君,⿱尹口,口
吝,⿱文口,口
吞,⿱天口,口
吟,⿰口今,口
吠,⿰口犬,口
吡,⿰口比,口
吣,⿰口心,口
否,⿱不口,口
吧,⿰口巴,口
吨,⿰口屯,口
吩,⿰口分,口
含,⿱今口,口
听,⿰口斤,口
吭,⿰口亢,口
吮,⿰口允,口
启,⿸户口,口
吱,⿰口支,口
吲,⿰口引,口
吳,⿱口大,口
吴,⿱口天,口
吵,⿰口少,口
吶,⿰口內,口
吸,⿰口及,口
吹,⿰口欠,口
吻,⿰口勿,口
吼,⿰口孔,口
吾,⿱五口,口
呀,⿰口牙,口
呂,⿱口口,口
呃,⿰口厄,口
呆,⿱口木,口
呈,⿱口王,口
告,⿱牛口,口
呋,⿰口夫,口
呎,⿰口尺,口
呐,⿰口内,口
呑,⿱夭口,口
呒,⿰口无,口
呓,⿰口艺,口
呔,⿰口太,口
呕,⿰口区,口
呖,⿰口历,口
呗,⿰口贝,口
员,⿱口贝,口
呙,⿱口内,口
呛,⿰口仓,口
呜,⿰口乌,口
呢,⿰口尼,口
呣,⿰口母,口
呤,⿰口令,口
呦,⿰口幼,口
周,⿵冂？,口
呫,⿰口占,口
呱,⿰口瓜,口
呲,⿰口此,口
味,⿰口未,口
呵,⿰口可,口
呶,⿰口奴,口
呷,⿰口甲,口
呸,⿰口丕,口
呻,⿰口申,口
呼,⿰口乎,口
命,⿱人？,人
咀,⿰口且,口
咂,⿰口匝,口
咄,⿰口出,口
咅,⿱立口,口
咆,⿰口包,口
咋,⿰口乍,口
和,⿰禾口,口
咎,⿱处口,口
咏,⿰口永,口
咐,⿰口付,口
咑,⿰口打,口
咒,⿱吅几,口
咔,⿰口卡,口
咕,⿰口古,口
咖,⿰口加,口
咙,⿰口龙,口
咚,⿰口冬,口
咛,⿰口宁,口
咝,⿰口丝,口
咠,⿱口耳,口
咢,⿱吕亏,口
咣,⿰口光,口
咤,⿰口宅,口
咥,⿰口至,口
咦,⿰口夷,口
咧,⿰口列,口
咨,⿱次口,口
咩,⿰口羊,口
咪,⿰口米,口
咫,⿰尺只,口
咬,⿰口交,口
咭,⿰口吉,口
咯,⿰口各,口
咱,⿰口自,口
咳,⿰口亥,口
咴,⿰口灰,口
咸,⿰？戈,口
咻,⿰口休,口
咼,⿰?咼,口
咽,⿰口因,口
咾,⿰口老,口
咿,⿰口伊,口
哀,⿱亠衣,口
品,品口,口
哂,⿰口西,口
哄,⿰口共,口
哆,⿰口多,口
哇,⿰口圭,口
哈,⿰口合,口
哉,⿰？戈,戈
哌,⿰口？,口
响,⿰口向,口
哎,⿰口艾,口
哏,⿰口艮,口
哐,⿰口匡,口
哑,⿰口亚,口
哒,⿰口达,口
哓,⿰口尧,口
哔,⿰口毕,口
哕,⿰口岁,口
哗,⿰口华,口
哙,⿰口会,口
哚,⿰口朵,口
哜,⿰口齐,口
哝,⿰口农,口
哞,⿰口牟,口
哟,⿰口约,口
員,⿱口貝,口
哥,口,口
哦,⿰口我,口
哧,⿰口赤,口
哨,⿰口肖,口
哩,⿰口里,口
哪,⿰口那,口
哭,⿱吕犬,口
哮,⿰口孝,口
哱,⿰口孛,口
哲,⿱折口,口
哳,⿰口折,口
哺,⿰口甫,口
哼,⿰口亨,口
哽,⿰口更,口
哿,⿱加可,口
唁,⿰口言,口
唄,⿰口貝,口
唅,⿰口含,口
唆,⿰口夋,口
唇,⿱辰口,口
唉,⿰口矣,口
唎,⿰口利,口
唏,⿰口希,口
唐,⿸广口,口
唑,⿰口坐,口
唔,⿰口吾,口
唚,⿰口？,口
唛,⿰口麦,口
唝,⿰口贡,口
唠,⿰口劳,口
唢,⿰口？,口
唣,⿰口皂,口
唤,⿰口奂,口
唧,⿰口即,口
唪,⿰口奉,口
唫,⿰口金,口
唬,⿰口虎,口
售,⿱隹口,口
唯,⿰口隹,口
唰,⿰口刷,口
唱,⿰口昌,口
唳,⿰口戾,口
唵,⿰口奄,口
唷,⿰口育,口
唸,⿰口念,口
唼,⿰口妾,口
唾,⿰口垂,口
唿,⿰口忽,口
啁,⿰口周,口
啃,⿰口肯,口
啄,⿰口豖,口
商,⿵冂？,口
啇,⿵冂古,口
啉,⿰口林,口
啊,⿰口阿,口
問,⿵門口,口
啐,⿰口卒,口
啓,⿱？口,口
啕,⿰口匋,口
啖,⿰口炎,口
啚,⿱口㐭,口
啜,⿰口叕,口
啞,⿰口亞,口
啟,⿰启攵,口
啡,⿰口非,口
啤,⿰口卑,口
啥,⿰口舍,口
啦,⿰口拉,口
啧,⿰口责,口
啪,⿰口拍,口
啫,⿰口者,口
啬,⿱？回,十
啭,⿰口转,口
啮,⿰口齿,口
啰,⿰口罗,罒
啴,⿰口单,口
啵,⿰口波,口
啶,⿰口定,口
啷,⿰口郎,口
啸,⿰口肃,口
啻,⿱帝口,口
啼,⿰口帝,口
啾,⿰口秋,口
喀,⿰口客,口
喁,⿰口禺,口
喂,⿰口畏,口
喃,⿰口南,口
善,⿱羊口,口
喆,⿰吉吉,口
喇,⿰口剌,口
喈,⿰口皆,口
喉,⿰口侯,口
喊,⿰口咸,口
喋,⿰口枼,口
喏,⿰口若,口
喑,⿰口音,口
喔,⿰口屋,口
喘,⿰口耑,口
喙,⿰口彖,口
喚,⿰口奐,口
喜,⿱壴口,口
喝,⿰口曷,口
喟,⿰口胃,口
喧,⿰口宣,口
喨,⿰口亮,口
喪,⿱？衣,口
喬,⿰？喬,口
單,⿱吅？,口
喱,⿰口厘,口
喲,⿰口約,口
喳,⿰口查,口
喵,⿰口苗,口
喷,⿰口贲,口
喹,⿰口奎,口
喻,⿰口俞,口
喼,⿰口急,口
喽,⿰口娄,口
喾,⿱⺍告,口
喿,⿱品木,口
嗄,⿰口夏,口
嗅,⿰口臭,口
嗆,⿰口倉,口
嗇,⿱坐回,口
嗉,⿰口素,口
嗊,⿰口貢,口
嗌,⿰口益,口
嗍,⿰口朔,口
嗎,⿰口馬,口
嗐,⿰口害,口
嗑,⿰口盍,口
嗒,⿰口荅,口
嗓,⿰口桑,口
嗔,⿰口真,口
嗖,⿰口叟,口
嗚,⿰口烏,口
嗜,⿰口耆,口
嗝,⿰口鬲,口
嗟,⿰口差,口
嗡,⿰口翁,口
嗣,⿰？司,口
嗤,⿰口蚩,口
嗥,⿰口皋,口
嗦,⿰口索,口
嗨,⿰口海,口
嗩,⿰口？,口
嗪,⿰口秦,口
嗫,⿰口聂,口
嗬,⿰口荷,口
嗯,⿰口恩,口
嗲,⿰口爹,口
嗳,⿰口爱,口
嗵,⿰口通,口
嗶,⿰口畢,口
嗷,⿰口敖,口
嗽,⿰口欶,口
嗾,⿰口族,口
嘀,⿰口啇,口
嘁,⿰口戚,口
嘅,⿰口既,口
嘆,⿰口堇,口
嘈,⿰口曹,口
嘉,⿱士加,口
嘌,⿰口票,口
嘍,⿰口婁,口
嘎,⿰口戛,口
嘏,⿰古叚,口
嘔,⿰口區,口
嘖,⿰口責,口
嘗,⿱尚旨,口
嘘,⿰口虚,口
嘚,⿰口得,口
嘛,⿰口麻,口
嘜,⿰口麥,口
嘞,⿰口勒,口
嘟,⿰口都,口
嘢,⿰口野,口
嘣,⿰口崩,口
嘤,⿰口婴,口
嘧,⿰口密,口
嘩,⿰口華,口
嘬,⿰口最,口
嘭,⿰口彭,口
嘮,⿰口勞,口
嘯,⿰口肅,口
嘰,⿰口幾,口
嘱,⿰口属,口
嘲,⿰口朝,口
嘴,⿰口觜,口
嘶,⿰口斯,口
嘸,⿰口無,口
嘹,⿰口尞,口
嘻,⿰口喜,口
嘼,⿱吕口,口
嘽,⿰口單,口
嘿,⿰口黑,口
噁,⿰口惡,口
噌,⿰口曾,口
噍,⿰口焦,口
噎,⿰口壹,口
噓,⿰口虛,口
噔,⿰口登,口
噗,⿰口菐,口
噘,⿰口厥,口
噙,⿰口禽,口
噜,⿰口鲁,口
噠,⿰口達,口
噢,⿰口奥,口
噤,⿰口禁,口
噥,⿰口農,口
噦,⿰口歲,口
器,⿱吅？,口
噩,⿱吕吕,口
噪,⿰口喿,口
噫,⿰口意,口
噬,⿰口筮,口
噯,⿰口愛,口
噱,⿰口豦,口
噲,⿰口會,口
噴,⿰口賁,口
噶,⿰口葛,口
噸,⿰口頓,口
噹,⿰口當,口
噻,⿰口塞,口
噼,⿰口辟,口
嚀,⿰口寧,口
嚄,⿰口蒦,口
嚅,⿰口需,口
嚆,⿰口蒿,口
嚇,⿰口赫,口
嚎,⿰口豪,口
嚏,⿰口疐,口
嚓,⿰口察,口
嚕,⿰口魯,口
嚙,⿰口齒,口
嚣,⿱吅吅,口
嚥,⿰口燕,口
嚨,⿰口龍,口
嚮,⿱鄉向,口
嚯,⿰口霍,口
嚳,⿱？告,口
嚴,⿱吅敢,口
嚷,⿰口襄,口
嚼,⿰口爵,口
囀,⿰口轉,口
囂,⿱吅吅,口
囈,⿰口藝,口
囉,⿰口羅,口
囊,⿱？衣,口
囌,⿰口蘇,口
囑,⿰口屬,口
囔,⿰口囊,口
囗,⿴囗？,囗
囚,⿴囗人,囗
四,⿴囗儿,囗
囝,⿴囗子,囗
回,⿴囗口,囗
囟,⿴囗乂,囗
因,⿴囗大,囗
囡,⿴囗女,囗
团,⿴囗才,囗
囤,⿴囗屯,囗
囪,⿴囗？,囗
囫,⿴囗勿,囗
园,⿴囗元,囗
困,⿴囗木,囗
囱,⿴囗夂,囗
围,⿴囗韦,囗
囵,⿴囗仑,囗
囷,⿴囗禾,囗
囹,⿴囗令,囗
固,⿴囗古,囗
国,⿴囗玉,囗
图,⿴囗冬,囗
囿,⿴囗有,囗
圂,⿴囗豕,囗
圃,⿴囗甫,囗
圄,⿴囗吾,囗
圆,⿴囗员,囗
圇,⿴囗侖,囗
圈,⿴囗卷,囗
圉,⿴囗幸,囗
圊,⿴囗青,囗
國,⿴囗或,囗
圍,⿴囗韋,囗
園,⿴囗袁,囗
圓,⿴囗員,囗
圖,⿴囗啚,囗
團,⿴囗專,囗
圙,⿴囗面,囗
圜,⿴囗睘,囗
土,⿱？土,土
圣,⿱又土,土
圤,⿰土卜,土
在,⿱？土,土
圩,⿰土于,土
圪,⿰土乞,土
圬,⿰土亏,土
圭,⿱土土,土
圮,⿰土己,土
圯,⿰土巳,土
地,⿰土也,土
圳,⿰土川,土
圹,⿰土广,土
场,⿰土勿,土
圻,⿰土斤,土
圼,⿱日土,土
圾,⿰土及,土
址,⿰土止,土
坂,⿰土反,土
均,⿰土匀,土
坊,⿰土方,土
坌,⿱分土,土
坍,⿰土丹,土
坎,⿰土欠,土
坏,⿰土不,土
坐,⿱从土,土
坑,⿰土亢,土
坒,⿱比土,土
块,⿰土夬,土
坚,⿱？土,土
坛,⿰土云,土
坜,⿰土历,土
坝,⿰土贝,土
坞,⿰土乌,土
坟,⿰土文,土
坠,⿱队土,土
坡,⿰土皮,土
坤,⿰土申,土
坦,⿰土旦,土
坨,⿰土它,土
坩,⿰土甘,土
坪,⿰土平,土
坫,⿰土占,土
坭,⿰土尼,土
坯,⿰土丕,土
坳,⿰土幼,土
坴,⿱土土,土
坶,⿰土母,土
坷,⿰土可,土
坻,⿰土氐,土
坼,⿰土斥,土
垂,⿰？垂,土
垃,⿰土立,土
垄,⿱龙土,龙
垅,⿰土龙,土
垆,⿰土卢,土
型,⿱刑土,土
垌,⿰土同,土
垒,⿱厽土,土
垓,⿰土亥,土
垔,⿱西土,土
垚,品土,土
垛,⿰土朵,土
垠,⿰土艮,土
垡,⿱伐土,土
垢,⿰土后,土
垣,⿰土亘,土
垤,⿰土至,土
垦,⿱艮土,土
垧,⿰土向,土
垩,⿱亚土,土
垫,⿱执土,土
垭,⿰土亚,土
垮,⿰土夸,土
垯,⿰土达,土
垲,⿰土岂,土
垴,⿰土？,土
垸,⿰土完,土
埂,⿰土更,土
埃,⿰土矣,土
埄,⿰土夆,土
埇,⿰土甬,土
埋,⿰土里,土
城,⿰土成,土
埏,⿰土延,土
埒,⿰土寽,土
埔,⿰土甫,土
埕,⿰土呈,土
埗,⿰土步,土
埘,⿰土时,土
埙,⿰土员,土
埚,⿰土呙,土
埝,⿰土念,土
域,⿰土或,土
埠,⿰土阜,土
埡,⿰土亞,土
埤,⿰土卑,土
埭,⿰土隶,土
埯,⿰土奄,土
埲,⿰土奉,土
埴,⿰土直,土
埵,⿰土垂,土
埶,⿰坴丸,土
執,⿰幸丸,土
埸,⿰土易,土
培,⿰土咅,土
基,⿱其土,土
埼,⿰土奇,土
埽,⿰土帚,土
堀,⿰土屈,土
堂,⿱尚土,土
堃,⿱？土,土
堅,⿱臤土,土
堆,⿰土隹,土
堇,⿱黄土,土
堊,⿱亞土,土
堋,⿰土朋,土
堍,⿰土兔,土
堑,⿱斩土,土
堕,⿱陏土,土
堙,⿰土垔,土
堞,⿰土枼,土
堠,⿰土侯,土
堡,⿱保土,土
堤,⿰土是,土
堪,⿰土甚,土
堯,⿱垚兀,土
堰,⿰土匽,土
報,⿰幸？,土
場,⿰土昜,土
堵,⿰土者,土
堿,⿰土咸,土
塄,⿰土？,土
塊,⿰土鬼,土
塋,⿱炏土,土
塌,⿰土？,土
塍,⿰⺼？,土
塑,⿱朔土,土
塔,⿰土荅,土
塕,⿰土翁,土
塗,⿱涂土,土
塘,⿰土唐,土
塚,⿰土冢,土
塞,⿱宀土,土
塢,⿰土烏,土
塥,⿰土鬲,土
填,⿰土真,土
塬,⿰土原,土
塲,⿰土昜,土
塵,⿱鹿土,土
塹,⿱斬土,土
塾,⿱孰土,土
墀,⿰土犀,土
墁,⿰土曼,土
境,⿰土竟,土
墅,⿱野土,土
墉,⿰土庸,土
墊,⿱執土,土
墒,⿰土商,土
墓,⿱莫土,土
墙,⿰土啬,土
墚,⿰土梁,土
墜,⿱隊土,土
增,⿰土曾,土
墟,⿰土虚,土
墨,⿱黑土,土
墩,⿰土敦,土
墮,⿱隋土,土
墳,⿰土賁,土
墻,⿰土嗇,土
墼,⿱？土,土
墾,⿱貇土,土
壁,⿱辟土,土
壅,⿱雍土,土
壇,⿰土亶,土
壑,⿱㕡土,土
壓,⿱厭土,土
壕,⿰土豪,土
壘,⿱畾土,土
壞,⿰土褱,土
壟,⿱龍土,土
壢,⿰土歷,土
壤,⿰土襄,土
壩,⿰土霸,土
士,⿱？士,士
壬,⿱丿士,士
壮,⿰丬士,士
壯,⿰爿士,士
声,⿱士？,士
壳,⿱士冗,士
壴,⿱士口,士
壶,⿱士业,士
壹,⿱士豆,士
壺,⿱士亞,士
壽,⿱士吋,士
夂,⿱夂？,夂
夃,⿵乃又,夂
处,⿰夂卜,夂
夅,⿱夂？,夂
夆,⿱夂丰,夂
备,⿱夂田,夂
夊,X,夊
夋,⿱厶夂,夂
夌,⿱土夂,夊
复,⿱亻夂,夊
夏,⿱一夂,夊
夔,⿱？夂,夊
夕,口,夕
外,⿰夕卜,夕
夗,⿰夕㔾,夕
夙,⿵几歹,夕
多,⿰？多,夕
夜,⿱亠夕,夕
够,⿰句多,夕
夠,⿰多句,夕
夢,⿱艹夕,夕
夤,⿱夕寅,夕
夥,⿰果多,夕
大,口,大
天,⿱一大,大
太,⿱？大,大
夫,⿱一大,大
夬,⿱？大,大
夭,⿱丿大,大
央,⿱？大,大
夯,⿱大力,大
失,⿱?大,大
夲,⿱大十,大
头,⿱⺀大,大
夷,⿱弓大,大
夸,⿱大亏,大
夹,⿱？大,一
夺,⿱大寸,大
夼,⿱大川,大
夾,⿱？大,大
奁,⿱大区,大
奂,⿱？大,大
奄,⿱大电,大
奇,⿱大可,大
奈,⿱大示,大
奉,⿱大？,大
奋,⿱大田,大
奎,⿱大圭,大
奏,⿱𡗗天,大
奐,⿱？大,大
契,⿱？大,大
奓,⿱大多,大
奔,⿱大卉,大
奕,⿱亦大,大
奖,⿱？大,大
套,⿱大镸,大
奘,⿱壯大,大
奚,⿱爫大,大
奠,⿱酋大,大
奢,⿱大者,大
奥,⿱？大,大
奧,⿱？大,大
奩,⿱大區,大
奪,⿱大寸,大
奭,⿱皕大,大
奮,⿱大田,大
女,⿰女？,女
奴,⿰女又,女
奶,⿰女乃,女
奸,⿰女干,女
她,⿰女也,女
奼,⿰女乇,女
好,⿰女子,女
妁,⿰女勺,女
如,⿰女口,女
妃,⿰女己,女
妄,⿱亡女,女
妆,⿰女？,女
妇,⿰女彐,女
妈,⿰女马,女
妊,⿰女壬,女
妍,⿰女开,女
妒,⿰女户,女
妓,⿰女支,女
妖,⿰女夭,女
妗,⿰女今,女
妙,⿰女少,女
妝,⿰女？,女
妞,⿰女丑,女
妟,⿱日女,女
妣,⿰女比,女
妤,⿰女予,女
妥,⿱爫女,女
妨,⿰女方,女
妩,⿰女无,女
妪,⿰女区,女
妫,⿰女为,女
妮,⿰女尼,女
妯,⿰女由,女
妲,⿰女旦,女
妳,⿰女尔,女
妹,⿰女未,女
妻,⿱？女,女
妾,⿱辛女,女
姆,⿰女母,女
姊,⿰女？,女
始,⿰女台,女
姐,⿰女且,女
姑,⿰女古,女
姒,⿰女以,女
姓,⿰女生,女
委,⿱禾女,女
姗,⿰女册,女
姘,⿰女并,女
姚,⿰女兆,女
姜,⿱羊女,女
姝,⿰女朱,女
姣,⿰女交,女
姥,⿰女老,女
姦,品女,女
姨,⿰女夷,女
姪,⿰女至,女
姫,⿰女臣,女
姬,⿰女臣,女
姮,⿰女亘,女
姹,⿰女宅,女
姻,⿰女因,女
姿,⿱次女,女
威,⿰？戈,女
娃,⿰女圭,女
娄,⿱米女,女
娅,⿰女亚,女
娆,⿰女尧,女
娇,⿰女乔,女
娈,⿱亦女,女
娉,⿰女甹,女
娌,⿰女里,女
娑,⿱沙女,女
娓,⿰女尾,女
娘,⿰女良,女
娛,⿰女吳,女
娜,⿰女那,女
娟,⿰女肙,女
娠,⿰女辰,女
娣,⿰女弟,女
娥,⿰女我,女
娩,⿰女免,女
娭,⿰女矣,女
娱,⿰女吴,女
娲,⿰女呙,女
娴,⿰女闲,女
娶,⿱取女,女
娼,⿰女昌,女
婀,⿰女阿,女
婁,⿱母女,女
婆,⿱波女,女
婉,⿰女宛,女
婊,⿰女表,女
婕,⿰女疌,女
婚,⿰女昏,女
婢,⿰女卑,女
婦,⿰女帚,女
婧,⿰女青,女
婪,⿱林女,女
婭,⿰女亞,女
婴,⿱？女,女
婵,⿰女单,女
婶,⿰女审,女
婷,⿰女亭,女
婺,⿱敄女,女
婿,⿰女胥,女
媒,⿰女某,女
媕,⿰女弇,女
媚,⿰女眉,女
媛,⿰女爰,女
媠,⿰女？,女
媧,⿰女咼,女
媪,⿰女昷,女
媲,⿰女？,女
媳,⿰女息,女
媵,⿰⺼？,女
媷,⿰女辱,女
媸,⿰女蚩,女
媽,⿰女馬,女
媾,⿰女冓,女
嫁,⿰女家,女
嫂,⿰女叟,女
嫉,⿰女疾,女
嫌,⿰女兼,女
嫒,⿰女爱,女
嫔,⿰女宾,女
嫖,⿰女票,女
嫗,⿰女區,女
嫘,⿰女累,女
嫚,⿰女曼,女
嫜,⿰女章,女
嫠,⿱？女,女
嫡,⿰女啇,女
嫣,⿰女焉,女
嫦,⿰女常,女
嫩,⿰女敕,女
嫪,⿰女翏,女
嫫,⿰女莫,女
嫱,⿰女啬,女
嫵,⿰女無,女
嫻,⿰女閑,女
嬈,⿰女堯,女
嬉,⿰女喜,女
嬋,⿰女單,女
嬌,⿰女喬,女
嬖,⿱辟女,女
嬗,⿰女亶,女
嬛,⿰女睘,女
嬪,⿰女賓,女
嬰,⿱賏女,女
嬲,⿲男女男,女
嬴,⿱吂？,女
嬷,⿰女麽,女
嬸,⿰女審,女
孀,⿰女霜,女
孃,⿰女襄,女
孌,⿱䜌女,女
子,⿱?子,子
孑,⿱?子,孑
孓,⿱?子,子
孔,⿰子乚,子
孕,⿱乃子,子
字,⿱宀子,子
存,⿱?子,子
孙,⿰子小,子
孚,⿱爫子,子
孛,⿱十子,子
孜,⿰子攵,子
孝,⿱耂子,子
孟,⿱子皿,子
孢,⿰子包,子
季,⿱禾子,子
孤,⿰子瓜,子
孥,⿱奴子,子
学,⿱⺍子,子
孨,品子,子
孩,⿰子亥,子
孪,⿱亦子,子
孫,⿰子系,子
孬,⿱不好,子
孰,⿱孰?,子
孱,⿸尸孨,子
孳,⿱兹子,子
孵,⿰卵孚,子
學,⿱？子,子
孺,⿰子需,子
孽,⿱薛子,子
孿,⿱䜌子,子
宀,⿱宀?,宀
宁,⿱宀丁,宀
它,⿱宀匕,宀
宄,⿱宀九,宀
宅,⿱宀乇,宀
宇,⿱宀于,宀
守,⿱宀寸,宀
安,⿱宀女,宀
宋,⿱宀木,宀
完,⿱宀元,宀
宏,⿱宀厷,宀
宓,⿱宀必,宀
宕,⿱宀石,宀
宗,⿱宀示,宀
官,⿱宀㠯,宀
宙,⿱宀由,宀
定,⿱宀疋,宀
宛,⿱宀夗,宀
宜,⿱宀且,宀
宝,⿱宀玉,宀
实,⿱宀头,宀
宠,⿱宀龙,宀
审,⿱宀申,宀
客,⿱宀各,宀
宣,⿱宀亘,宀
室,⿱宀至,宀
宥,⿱宀有,宀
宦,⿱宀臣,宀
宪,⿱宀先,宀
宫,⿱宀吕,宀
宮,⿱宀呂,宀
宰,⿱宀辛,宀
害,⿱宀口,宀
宴,⿱宀妟,宀
宵,⿱宀肖,宀
家,⿱宀豕,宀
宸,⿱宀辰,宀
容,⿱宀谷,宀
宽,⿱宀苋,宀
宾,⿱宀兵,宀
宿,⿱宀佰,宀
寂,⿱宀叔,宀
寄,⿱宀奇,宀
寅,⿱宀八,宀
密,⿱宀山,宀
寇,⿱宀？,宀
富,⿱宀畐,宀
寐,⿱宀爿,宀
寒,⿱宀？,宀
寓,⿱宀禺,宀
寝,⿱宀？,宀
寞,⿱宀莫,宀
察,⿱宀祭,宀
寡,⿱宀刀,宀
寢,⿱宀爿,宀
寤,⿱宀爿,宀
寥,⿱宀翏,宀
實,⿱宀貫,宀
寧,⿱宀丁,宀
寍,⿱宀皿,宀
寨,⿱宀木,宀
審,⿱宀番,宀
寫,⿱宀舄,宀
寬,⿱宀見,宀
寮,⿱宀尞,宀
寰,⿱宀睘,宀
寵,⿱宀龍,宀
寶,⿱宀貝,宀
寸,⿱?寸,寸
对,⿰又寸,寸
寺,⿱土寸,寸
寻,⿱彐寸,彐
导,⿱巳寸,寸
寽,⿱爫寸,寸
寿,⿱龶寸,寸
封,⿰圭寸,寸
尃,⿱甫寸,寸
射,⿰身寸,寸
将,⿰丬寸,丬
將,⿰爿寸,寸
專,⿱叀寸,寸
尉,⿰？寸,寸
尊,⿱酋寸,寸
尋,⿱彐寸,寸
尌,⿰壴寸,寸
對,⿰？寸,寸
導,⿱道寸,寸
小,口,小
少,口,小
尔,⿱⺈小,小
尕,⿱乃小,小
尖,⿱小大,小
尗,⿱上小,小
尘,⿱小土,小
尙,⿵冂口,小
尚,⿵冂口,⺌
尜,⿱小小,小
尝,⿱小云,⺌
尞,⿱？小,小
尢,X,尢
尣,X,尣
尤,口,尢
尥,⿰尢勺,尢
尧,⿱戈儿,儿
尨,⿰尢彡,犬
尬,⿰尢介,尢
就,⿰京尤,尢
尴,⿰尢监,尢
尷,⿰尢監,尢
尸,⿸尸？,尸
尹,⿸尸？,尸
尺,⿸尸乚,尸
尻,⿸尸九,尸
尼,⿸尸匕,尸
尽,⿸尸？,尸
尾,⿸尸毛,尸
尿,⿸尸水,尸
局,⿸尸？,尸
屁,⿸尸比,尸
层,⿸尸云,尸
屃,⿸尸贝,尸
屄,⿸尸穴,尸
居,⿸户古,户
屆,⿸尸？,尸
屈,⿸尸出,尸
屉,⿸尸世,尸
届,⿸尸由,尸
屋,⿸尸至,尸
屌,⿸尸吊,尸
屍,⿸尸死,尸
屎,⿸尸米,尸
屏,⿸户并,户
屐,⿸尸？,尸
屑,⿸尸肖,尸
展,⿸尸？,尸
屙,⿸尸阿,尸
屚,⿸尸雨,尸
屜,⿸尸？,尸
属,⿸尸禹,尸
屠,⿸尸者,尸
屡,⿸尸娄,尸
屢,⿸尸婁,尸
屣,⿸尸徙,尸
層,⿸尸曾,尸
履,⿸尸復,尸
屦,⿸尸？,尸
屨,⿸尸？,尸
屬,⿸尸？,尸
屭,⿸尸贔,尸
屮,X,屮
屯,⿱一屮,屮
屰,⿱？屮,屮
山,⿱？山,山
屹,⿰山乞,山
屺,⿰山己,山
屾,⿰山山,山
屿,⿰山与,山
岁,⿱山夕,山
岂,⿱山己,山
岈,⿰山牙,山
岌,⿱山及,山
岍,⿰山开,山
岐,⿰山支,山
岑,⿱山今,山
岔,⿱分山,山
岖,⿰山区,山
岗,⿱山冈,山
岘,⿰山见,山
岙,⿱夭山,山
岚,⿱山风,山
岛,⿱鸟山,山
岜,⿱山巴,山
岡,⿵冂？,山
岢,⿱山可,山
岣,⿰山句,山
岩,⿱山石,山
岫,⿰山由,山
岬,⿰山甲,山
岭,⿰山令,山
岱,⿱代山,山
岳,⿱丘山,山
岵,⿰山古,山
岷,⿰山民,山
岸,⿱山干,山
岽,⿱山东,山
岿,⿱山归,山
峁,⿱山卯,山
峄,⿰山？,山
峇,⿱山合,山
峋,⿰山旬,山
峒,⿰山同,山
峙,⿰山寺,山
峡,⿰山夹,山
峤,⿰山乔,山
峥,⿰山争,山
峦,⿱亦山,山
峨,⿰山我,山
峪,⿰山谷,山
峭,⿰山肖,山
峰,⿰山夆,山
峴,⿰山見,山
島,⿱烏山,山
峻,⿰山夋,山
峽,⿰山夾,山
崂,⿰山劳,山
崃,⿰山来,山
崆,⿰山空,山
崇,⿱山宗,山
崎,⿰山奇,山
崑,⿱山昆,山
崒,⿱山卒,山
崔,⿱山隹,山
崖,⿱山厓,山
崗,⿱山岡,山
崙,⿱山侖,山
崛,⿰山屈,山
崞,⿰山享,山
崢,⿰山爭,山
崤,⿰山肴,山
崦,⿰山奄,山
崧,⿱山松,山
崩,⿱山朋,山
崭,⿱山斩,山
崮,⿱山固,山
崴,⿱山威,山
崽,⿱山思,山
崾,⿰山要,山
嵇,⿰禾？,山
嵊,⿰山乘,山
嵋,⿰山眉,山
嵌,⿱山？,山
嵐,⿱山風,山
嵒,⿱品山,山
嵘,⿰山荣,山
嵛,⿱山俞,山
嵝,⿰山娄,山
嵞,⿱余屾,山
嵩,⿱山高,山
嵫,⿰山兹,山
嵬,⿱山鬼,山
嵯,⿰山差,山
嵴,⿰山脊,山
嶂,⿰山章,山
嶄,⿱山斬,山
嶇,⿰山區,山
嶗,⿰山勞,山
嶙,⿰山粦,山
嶝,⿰山登,山
嶡,⿱山厥,山
嶧,⿰山睪,山
嶪,⿱山業,山
嶷,⿱山疑,山
嶸,⿰山榮,山
嶺,⿱山領,山
嶼,⿰山與,山
嶽,⿱山獄,山
巂,⿱山冏,山
巅,⿱山颠,山
巆,⿰山營,山
巍,⿱山魏,山
巒,⿱䜌山,山
巔,⿱山顛,山
巖,⿱山嚴,山
巛,口,巛
川,口,川
州,口,川
巠,⿱一工,巛
巡,⿺辶巛,巛
巢,⿱巛果,巛
巤,⿱巛鼠,巛
工,口,工
左,口,工
巧,⿰工丂,工
巨,⿷匚？,匚
巩,⿰工凡,工
巫,口,工
差,⿱羊工,工
巯,⿰？㐬,工
己,口,己
已,口,己
巳,口,巳
巴,口,巳
巵,⿸厂巴,巳
巷,⿱共巳,巳
巸,⿰？巳,巳
巹,⿱丞己,己
巽,⿱？共,巳
巾,⿱？巾,巾
巿,⿱一巾,巾
帀,⿱一巾,巾
币,⿱丿巾,巾
市,⿱亠巾,巾
布,⿱？巾,巾
帅,⿰刂巾,巾
帆,⿰巾凡,巾
师,⿰刂巾,巾
希,⿱乂巾,巾
帏,⿰巾韦,巾
帐,⿰巾长,巾
帑,⿱奴巾,巾
帔,⿰巾皮,巾
帕,⿰巾白,巾
帖,⿰巾占,巾
帘,⿱穴巾,巾
帙,⿰巾失,巾
帚,⿱彐巾,巾
帛,⿱白巾,巾
帜,⿰巾只,巾
帝,⿱立巾,巾
帥,⿰㠯巾,巾
带,⿱卅巾,巾
帧,⿰巾贞,巾
師,⿰㠯巾,巾
席,⿸广巾,巾
帮,⿱邦巾,巾
帱,⿰巾寿,巾
帳,⿰巾長,巾
帶,⿱卌巾,巾
帷,⿰巾隹,巾
常,⿱尚巾,巾
帻,⿰巾责,巾
帼,⿰巾国,巾
帽,⿰巾冒,巾
幀,⿰巾貞,巾
幂,⿱冖巾,冖
幃,⿰巾韋,巾
幄,⿰巾屋,巾
幅,⿰巾畐,巾
幌,⿰巾晃,巾
幔,⿰巾曼,巾
幕,⿱莫巾,巾
幗,⿰巾國,巾
幛,⿰巾章,巾
幞,⿰巾菐,巾
幟,⿰巾戠,巾
幡,⿰巾番,巾
幢,⿰巾童,巾
幣,⿱敝巾,巾
幫,⿱封巾,巾
幬,⿰巾壽,巾
干,口,十
平,口,广
年,口,干
并,口,干
幸,⿱土干,干
幹,⿰龺？,干
幺,⿰幺？,幺
幻,⿰幺？,幺
幼,⿰幺力,幺
幽,⿶凵幺,幺
幾,⿱幺戍,幺
广,⿸广？,广
庀,⿸广匕,广
庄,⿸广土,广
庆,⿸广大,广
庇,⿸广比,广
床,⿸广木,广
庋,⿸广支,广
序,⿸广予,广
庐,⿸广户,广
庑,⿸广无,广
库,⿸广车,广
应,⿸广？,广
底,⿸广氐,广
庖,⿸广包,广
店,⿸广占,广
庙,⿸广由,广
庚,⿸广？,广
府,⿸广付,广
庞,⿸广龙,广
废,⿸广发,广
庠,⿸广羊,广
庥,⿸广休,广
度,⿸广？,广
座,⿸广坐,广
庫,⿸广車,广
庭,⿸广廷,广
庳,⿸广卑,广
庵,⿸广奄,广
庶,⿸广灬,广
康,⿸广隶,广
庸,⿸广用,广
庹,⿸广尺,广
庾,⿸广臾,广
廁,⿸广則,广
廂,⿸广相,广
廄,⿸广既,广
廈,⿸广夏,广
廉,⿸广兼,广
廊,⿸广郎,广
廌,⿸广？,鹿
廑,⿸广堇,广
廒,⿸广敖,广
廓,⿸广郭,广
廖,⿸广翏,广
廚,⿸广尌,广
廛,⿸广土,广
廝,⿸广斯,广
廟,⿸广朝,广
廠,⿸广敞,广
廡,⿸广無,广
廢,⿸广發,广
廣,⿸广黄,广
廥,⿸广會,广
廨,⿸广解,广
廩,⿸广稟,广
廪,⿸广禀,广
廬,⿸广盧,广
廳,⿸广聽,广
廴,⿺廴？,廴
延,⿺廴？,廴
廷,⿺廴壬,廴
建,⿺廴聿,廴
廼,⿺廴西,廴
廻,⿺廴回,廴
廽,⿺廴？,廴
廵,⿺廴巛,廴
廸,⿺廴由,廴
廹,⿺廴白,廴
廾,⿱？廾,廾
廿,口,廾
开,⿱一廾,廾
弁,⿱厶廾,廾
异,⿱巳廾,廾
弃,⿱亠廾,廾
弄,⿱玉廾,廾
弇,⿱人廾,廾
弈,⿱亦廾,廾
弊,⿱敝廾,廾
弋,⿰？弋,弋
式,⿰工弋,弋
弑,⿰杀式,弋
弓,⿱？弓,弓
弔,⿱？弓,弓
引,⿰弓丨,弓
弗,⿱？弓,弓
弘,⿰弓厶,弓
弛,⿰弓也,弓
弟,⿱丷弓,弓
张,⿰弓长,弓
弥,⿰弓尔,弓
弦,⿰弓玄,弓
弧,⿰弓瓜,弓
弩,⿱奴弓,弓
弪,⿰弓巠,弓
弭,⿰弓耳,弓
弮,⿱龹弓,弓
弯,⿱亦弓,弓
弱,⿰弓弓,弓
弳,⿰弓巠,弓
張,⿰弓長,弓
強,⿰弓？,弓
弹,⿰弓单,弓
强,⿰弓虽,弓
弼,⿲弓百弓,弓
彀,⿰？殳,弓
彆,⿱敝弓,弓
彈,⿰弓單,弓
彊,⿰弓畺,弓
彌,⿰弓爾,弓
彎,⿱䜌弓,弓
彐,X,彐
彑,X,彑
归,⿰？彐,彐
当,口,⺌
彔,⿱彑氺,彑
录,⿱彐氺,彐
彖,⿱彑豕,彑
彗,⿱？彐,彐
彘,⿱彑？,彑
彙,⿱彑果,彑
彝,⿱彑廾,彑
彞,⿱彐廾,彐
彟,⿰寻蒦,彐
彡,⿰？彡,彡
形,⿰开彡,彡
彤,⿰丹彡,彡
彥,⿱？彡,彡
彦,⿱产彡,彡
彧,⿰？戈,彡
彩,⿰采彡,彡
彪,⿰虎彡,彡
彬,⿰林彡,彡
彭,⿰壴彡,彡
彰,⿰章彡,彡
影,⿰景彡,彡
彮,⿰容彡,彡
彨,⿰丽彡,彡
彯,⿰票彡,彡
彳,⿰彳？,彳
彷,⿰彳方,彳
彸,⿰彳公,彳
役,⿰彳殳,彳
彻,⿰彳切,彳
彼,⿰彳皮,彳
彿,⿰彳弗,彳
往,⿰彳主,彳
征,⿰彳正,彳
徂,⿰彳且,彳
径,⿰彳巠,彳
待,⿰彳寺,彳
徇,⿰彳旬,彳
很,⿰彳艮,彳
徉,⿰彳羊,彳
徊,⿰彳回,彳
律,⿰彳聿,彳
後,⿰彳？,彳
徐,⿰彳余,彳
徑,⿰彳巠,彳
徒,⿰彳走,彳
徕,⿰彳来,彳
得,⿰彳？,彳
徘,⿰彳非,彳
徙,⿰彳歨,彳
徜,⿰彳尚,彳
從,⿰彳？,彳
徠,⿰彳來,彳
御,⿰彳卸,彳
徨,⿰彳皇,彳
復,⿰彳复,彳
循,⿰彳盾,彳
徭,⿰彳䍃,彳
微,⿰彳攵,彳
徯,⿰彳奚,彳
徴,⿰彳攵,彳
徵,⿰彳攵,彳
德,⿰彳？,彳
徹,⿰彳攵,彳
徼,⿰彳攵,彳
徽,⿰彳攵,彳
心,⿱？心,心
忄,⿰忄？,忄
必,⿱？心,心
忆,⿰忄乙,忄
忉,⿰忄刀,忄
忌,⿱己心,心
忍,⿱刃心,心
忏,⿰忄千,忄
忐,⿱上心,心
忑,⿱下心,心
忒,⿹弋心,心
忕,⿰忄大,忄
忖,⿰忄寸,忄
志,⿱士心,心
忘,⿱亡心,心
忙,⿰忄亡,忄
忝,⿱天小,⺗
忞,⿱文心,心
忠,⿱中心,心
忡,⿰忄中,忄
忤,⿰忄午,忄
忧,⿰忄尤,忄
忪,⿰忄公,忄
快,⿰忄夬,忄
忭,⿰忄卞,忄
忮,⿰忄支,忄
忱,⿰忄冘,忄
念,⿱今心,心
忸,⿰忄丑,忄
忻,⿰忄斤,忄
忽,⿱勿心,心
忾,⿰忄气,忄
忿,⿱分心,心
怀,⿰忄不,忄
态,⿱太心,心
怂,⿱从心,心
怃,⿰忄无,忄
怄,⿰忄区,忄
怅,⿰忄长,忄
怆,⿰忄仓,忄
怊,⿰忄召,忄
怍,⿰忄乍,忄
怎,⿱乍心,心
怏,⿰忄央,忄
怒,⿱奴心,心
怔,⿰忄正,忄
怕,⿰忄白,忄
怖,⿰忄布,忄
怙,⿰忄古,忄
怛,⿰忄旦,忄
怜,⿰忄令,忄
思,⿱田心,心
怠,⿱台心,心
怡,⿰忄台,忄
急,⿱⺈心,心
怦,⿰忄平,忄
性,⿰忄生,忄
怨,⿱夗心,心
怩,⿰忄尼,忄
怪,⿰忄圣,忄
怫,⿰忄弗,忄
怯,⿰忄去,忄
怱,⿱匆心,心
怵,⿰忄术,忄
总,⿱丷心,心
怼,⿱对心,心
怿,⿰忄？,忄
恁,⿱任心,心
恂,⿰忄旬,忄
恃,⿰忄寺,忄
恆,⿰忄亙,忄
恋,⿱亦心,心
恍,⿰忄光,忄
恐,⿱巩心,心
恒,⿰忄亘,忄
恓,⿰忄西,忄
恕,⿱如心,心
恙,⿱羊心,心
恚,⿱圭心,心
恝,⿱㓞心,心
恢,⿰忄灰,忄
恣,⿱次心,心
恤,⿰忄血,忄
恥,⿰耳心,心
恧,⿱而心,心
恨,⿰忄艮,忄
恩,⿱因心,心
恪,⿰忄各,忄
恫,⿰忄同,忄
恬,⿰忄舌,忄
恭,⿱共小,⺗
息,⿱自心,心
恰,⿰忄合,忄
恳,⿱艮心,心
恶,⿱亚心,心
恸,⿰忄动,忄
恹,⿰忄厌,忄
恺,⿰忄岂,忄
恻,⿰忄则,忄
恼,⿰忄？,忄
恽,⿰忄军,忄
恿,⿱甬心,心
悃,⿰忄困,忄
悄,⿰忄肖,忄
悅,⿰忄兌,忄
悉,⿱釆心,心
悌,⿰忄弟,忄
悍,⿰忄旱,忄
悒,⿰忄邑,忄
悔,⿰忄每,忄
悖,⿰忄孛,忄
悚,⿰忄束,忄
悛,⿰忄夋,忄
悝,⿰忄里,忄
悟,⿰忄吾,忄
悠,⿱攸心,心
患,⿱串心,心
悤,⿱囱心,心
悦,⿰忄兑,忄
悧,⿰忄利,忄
您,⿱你心,心
悫,⿱士心,心
悬,⿱县心,心
悭,⿰忄坚,忄
悯,⿰忄闵,忄
悱,⿰忄非,忄
悲,⿱非心,心
悴,⿰忄卒,忄
悵,⿰忄長,忄
悶,⿵門心,心
悸,⿰忄季,忄
悻,⿰忄幸,忄
悼,⿰忄卓,忄
悽,⿰忄妻,忄
情,⿰忄青,忄
惆,⿰忄周,忄
惊,⿰忄京,忄
惋,⿰忄宛,忄
㥇,⿰忄戔,忄
惑,⿱或心,心
惓,⿰忄卷,忄
惕,⿰忄易,忄
惘,⿰忄罔,忄
惙,⿰忄叕,忄
惚,⿰忄忽,忄
惛,⿰忄昏,忄
惜,⿰忄昔,忄
惝,⿰忄尚,忄
惟,⿰忄隹,忄
惠,⿱？心,心
惡,⿱亞心,心
惢,品心,心
惦,⿰忄店,忄
惧,⿰忄具,忄
惨,⿰忄参,忄
惩,⿱征心,心
惫,⿱备心,夂
惬,⿰忄？,忄
惭,⿰忄斩,忄
惮,⿰忄单,忄
惯,⿰忄贯,忄
惰,⿰忄？,忄
惱,⿰忄？,忄
想,⿱相心,心
惴,⿰忄耑,忄
惶,⿰忄皇,忄
惹,⿱若心,心
惺,⿰忄星,忄
惻,⿰忄則,忄
愀,⿰忄秋,忄
愁,⿱秋心,心
愆,⿱衍心,心
愈,⿱俞心,心
愉,⿰忄俞,忄
愍,⿱敃心,心
愎,⿰忄复,忄
意,⿱立心,心
愕,⿰忄咢,忄
愚,⿱禺心,心
愛,⿱爫夂,心
愜,⿰忄匧,忄
感,⿱咸心,心
愠,⿰忄昷,忄
愣,⿰忄？,忄
愤,⿰忄贲,忄
愦,⿰忄贵,忄
愧,⿰忄鬼,忄
愫,⿰忄素,忄
愴,⿰忄倉,忄
愷,⿰忄豈,忄
愾,⿰忄氣,忄
愿,⿱原心,心
慄,⿰忄栗,忄
慈,⿱兹心,心
慊,⿰忄兼,忄
態,⿱能心,心
慌,⿰忄荒,忄
慍,⿰忄？,忄
慎,⿰忄真,忄
慑,⿰忄聂,忄
慕,⿱莫小,⺗
慘,⿰忄參,忄
慚,⿰忄斬,忄
慝,⿱匿心,心
慟,⿰忄動,忄
慢,⿰忄曼,忄
慣,⿰忄貫,忄
慧,⿱彗心,心
慨,⿰忄既,忄
慪,⿰忄區,忄
慫,⿱從心,心
慮,⿸虍思,心
慰,⿱尉心,心
慳,⿰忄堅,忄
慴,⿰忄習,忄
慵,⿰忄庸,忄
慶,⿸广夂,心
慷,⿰忄康,忄
慼,⿱戚心,心
慾,⿱欲心,心
憂,⿱頁夂,心
憊,⿱備心,心
憋,⿱敝心,心
憎,⿰忄曾,忄
憐,⿰忄粦,忄
憑,⿱馮心,心
憔,⿰忄焦,忄
憚,⿰忄單,忄
憝,⿱敦心,心
憤,⿰忄賁,忄
憧,⿰忄童,忄
憨,⿱敢心,心
憩,⿱？心,心
憫,⿰忄閔,忄
憬,⿰忄景,忄
憲,⿱宀心,心
憶,⿰忄意,忄
憷,⿰忄楚,忄
憹,⿰忄農,忄
憾,⿰忄感,忄
懂,⿰忄董,忄
懇,⿱貇心,心
懈,⿰忄解,忄
應,⿸广心,心
懊,⿰忄奥,忄
懋,⿱楙心,心
懑,⿱满心,心
懒,⿰忄赖,忄
懔,⿰忄禀,忄
懞,⿰忄蒙,忄
懟,⿱對心,心
懣,⿱滿心,心
懦,⿰忄需,忄
懨,⿰忄厭,忄
懮,⿰忄憂,忄
懲,⿱徴心,心
懵,⿰忄瞢,忄
懶,⿰忄賴,忄
懷,⿰忄褱,忄
懸,⿱縣心,心
懺,⿰忄韱,忄
懼,⿰忄瞿,忄
懾,⿰忄聶,忄
懿,⿰壹恣,心
戀,⿱䜌心,心
戆,⿱赣心,心
戇,⿱贛心,心
戈,⿰？戈,戈
戉,⿰？戈,戈
戊,⿰？戈,戈
戋,⿱一戈,戈
戌,⿰？戈,戈
戍,⿰？戈,戈
戎,⿰？戈,戈
戏,⿰又戈,戈
成,⿰？戈,戈
我,⿰扌戈,戈
戒,⿰廾戈,戈
戔,⿱戈戈,戈
戕,⿰爿戈,戈
或,⿰？戈,戈
戗,⿰仓戈,戈
战,⿰占戈,戈
戚,⿰尗戈,戈
戛,⿱一戈,戈
戜,⿰呈戈,戈
戟,⿰龺戈,戈
戠,⿰音戈,戈
戡,⿰甚戈,戈
戢,⿰咠戈,戈
戤,⿰盈戈,戈
戥,⿰星戈,戈
戧,⿰倉戈,戈
截,⿰？戈,戈
戬,⿰晋戈,戈
戮,⿰翏戈,戈
戰,⿰單戈,戈
戲,⿰？戈,戈
戳,⿰翟戈,戈
戴,⿰？戈,戈
戶,⿸户？,户
户,⿸户？,户
戽,⿸户斗,户
戾,⿸户犬,户
房,⿸户方,户
所,⿰户斤,户
扁,⿸户？,户
扂,⿸户占,户
扃,⿸户冋,户
扆,⿸户衣,户
扇,⿸户羽,户
扈,⿸户邑,户
扉,⿸户非,户
手,口,手
扌,⿰扌？,扌
才,口,扌
扎,⿰扌乚,扌
扑,⿰扌卜,扌
扒,⿰扌八,扌
打,⿰扌丁,扌
扔,⿰扌乃,扌
払,⿰扌厶,扌
托,⿰扌乇,扌
扛,⿰扌工,扌
扢,⿰扌乞,扌
扣,⿰扌口,扌
扦,⿰扌千,扌
执,⿰扌丸,扌
扩,⿰扌广,扌
扪,⿰扌门,扌
扫,⿰扌彐,扌
扬,⿰扌昜,扌
扭,⿰扌丑,扌
扮,⿰扌分,扌
扯,⿰扌止,扌
扰,⿰扌尤,扌
扳,⿰扌反,扌
扶,⿰扌夫,扌
批,⿰扌比,扌
扼,⿰扌厄,扌
找,⿰扌戈,扌
承,口,手
技,⿰扌支,扌
抃,⿰扌卞,扌
抄,⿰扌少,扌
抉,⿰扌夬,扌
把,⿰扌巴,扌
抑,⿰扌卬,扌
抒,⿰扌予,扌
抓,⿰扌爪,扌
投,⿰扌殳,扌
抖,⿰扌斗,扌
抗,⿰扌亢,扌
折,⿰扌斤,扌
抚,⿰扌无,扌
抛,⿰扌？,扌
抟,⿰扌专,扌
抠,⿰扌区,扌
抡,⿰扌仑,扌
抢,⿰扌仓,扌
护,⿰扌户,扌
报,⿰扌？,扌
抨,⿰扌平,扌
披,⿰扌皮,扌
抬,⿰扌台,扌
抱,⿰扌包,扌
抵,⿰扌氐,扌
抹,⿰扌末,扌
抻,⿰扌申,扌
押,⿰扌甲,扌
抽,⿰扌由,扌
抿,⿰扌民,扌
拂,⿰扌弗,扌
拄,⿰扌主,扌
担,⿰扌旦,扌
拆,⿰扌斥,扌
拇,⿰扌母,扌
拈,⿰扌占,扌
拉,⿰扌立,扌
拊,⿰扌付,扌
拋,⿰扌？,扌
拌,⿰扌半,扌
拍,⿰扌白,扌
拎,⿰扌令,扌
拐,⿰扌另,扌
拑,⿰扌甘,扌
拒,⿰扌巨,扌
拓,⿰扌石,扌
拔,⿰扌犮,扌
拖,⿰扌？,扌
拗,⿰扌幼,扌
拘,⿰扌句,扌
拙,⿰扌出,扌
拚,⿰扌弁,扌
招,⿰扌召,扌
拜,⿰手手,手
拟,⿰扌以,扌
拢,⿰扌龙,扌
拣,⿰扌柬,扌
拥,⿰扌用,扌
拦,⿰扌兰,扌
拧,⿰扌宁,扌
拨,⿰扌发,扌
择,⿰扌？,扌
括,⿰扌舌,扌
拭,⿰扌式,扌
拮,⿰扌吉,扌
拯,⿰扌丞,扌
拱,⿰扌共,扌
拳,⿱龹手,手
拴,⿰扌全,扌
拶,⿰扌？,扌
拷,⿰扌考,扌
拼,⿰扌并,扌
拽,⿰扌曳,扌
拾,⿰扌合,扌
拿,⿱人手,手
持,⿰扌寺,扌
挂,⿰扌圭,扌
指,⿰扌旨,扌
挈,⿱㓞手,手
按,⿰扌安,扌
挎,⿰扌夸,扌
挑,⿰扌兆,扌
挖,⿰扌穵,扌
挚,⿱执手,手
挛,⿱亦手,手
挝,⿰扌过,扌
挞,⿰扌达,扌
挟,⿰扌夹,扌
挠,⿰扌尧,扌
挡,⿰扌当,扌
挢,⿰扌乔,扌
挣,⿰扌争,扌
挤,⿰扌齐,扌
挥,⿰扌军,扌
挨,⿰扌矣,扌
挪,⿰扌那,扌
挫,⿰扌坐,扌
振,⿰扌辰,扌
挲,⿱沙手,手
挹,⿰扌邑,扌
挺,⿰扌廷,扌
挽,⿰扌免,扌
挾,⿰扌夾,扌
捂,⿰扌吾,扌
捃,⿰扌君,扌
捅,⿰扌甬,扌
捆,⿰扌困,扌
捉,⿰扌足,扌
捋,⿰扌寽,扌
捌,⿰扌别,扌
捍,⿰扌旱,扌
捎,⿰扌肖,扌
捏,⿰扌圼,扌
捐,⿰扌肙,扌
捕,⿰扌甫,扌
捞,⿰扌劳,扌
损,⿰扌员,扌
捡,⿰扌佥,扌
换,⿰扌奂,扌
捣,⿰扌岛,扌
捧,⿰扌奉,扌
捨,⿰扌舍,扌
捩,⿰扌戾,扌
捫,⿰扌門,扌
捭,⿰扌卑,扌
据,⿰扌居,扌
捱,⿰扌厓,扌
捲,⿰扌卷,扌
捶,⿰扌垂,扌
捷,⿰扌疌,扌
捺,⿰扌奈,扌
捻,⿰扌念,扌
掀,⿰扌欣,扌
掂,⿰扌店,扌
掃,⿰扌帚,扌
掄,⿰扌侖,扌
掇,⿰扌叕,扌
授,⿰扌受,扌
掉,⿰扌卓,扌
掊,⿰扌咅,扌
掌,⿱尚手,手
掎,⿰扌奇,扌
掏,⿰扌匋,扌
掐,⿰扌臽,扌
排,⿰扌非,扌
掖,⿰扌夜,扌
掘,⿰扌屈,扌
掙,⿰扌爭,扌
掛,⿰扌卦,扌
掠,⿰扌京,扌
採,⿰扌采,扌
探,⿰扌？,扌
掣,⿱制手,手
接,⿰扌妾,扌
控,⿰扌空,扌
推,⿰扌隹,扌
掩,⿰扌奄,扌
措,⿰扌昔,扌
掬,⿰扌匊,扌
撚,⿰扌然,扌
掭,⿰扌忝,扌
掮,⿰扌肩,扌
掰,⿰手手,手
掱,品手,手
掳,⿰扌虏,扌
掴,⿰扌国,扌
掷,⿰扌郑,扌
掸,⿰扌单,扌
掺,⿰扌参,扌
掼,⿰扌贯,扌
掾,⿰扌彖,扌
揀,⿰扌柬,扌
揄,⿰扌俞,扌
揆,⿰扌癸,扌
揉,⿰扌柔,扌
揍,⿰扌奏,扌
揎,⿰扌宣,扌
描,⿰扌苗,扌
提,⿰扌是,扌
插,⿰扌臿,扌
揖,⿰扌咠,扌
揚,⿰扌昜,扌
換,⿰扌奐,扌
揞,⿰扌音,扌
揠,⿰扌匽,扌
握,⿰扌屋,扌
揣,⿰扌耑,扌
揩,⿰扌皆,扌
揪,⿰扌秋,扌
揭,⿰扌曷,扌
揮,⿰扌軍,扌
揲,⿰扌枼,扌
援,⿰扌爰,扌
揶,⿰扌耶,扌
揸,⿰扌查,扌
揽,⿰扌览,扌
揿,⿰扌钦,扌
搀,⿰扌？,扌
搁,⿰扌阁,扌
搂,⿰扌娄,扌
搅,⿰扌觉,扌
搋,⿰扌虒,扌
搌,⿰扌展,扌
損,⿰扌員,扌
搏,⿰扌尃,扌
搐,⿰扌畜,扌
搒,⿰扌旁,扌
搓,⿰扌差,扌
搔,⿰扌蚤,扌
搖,⿰扌䍃,扌
搗,⿰扌島,扌
搛,⿰扌兼,扌
搜,⿰扌叟,扌
搞,⿰扌高,扌
搠,⿰扌朔,扌
搡,⿰扌桑,扌
搦,⿰扌弱,扌
搪,⿰扌唐,扌
搬,⿰扌般,扌
搭,⿰扌荅,扌
搴,⿱？手,手
搶,⿰扌倉,扌
携,⿰扌隽,扌
搽,⿰扌茶,扌
搿,⿰手手,手
摀,⿰扌烏,扌
摁,⿰扌恩,扌
摄,⿰扌聂,扌
摅,⿰扌虑,扌
摆,⿰扌罢,扌
摇,⿰扌䍃,扌
摈,⿰扌宾,扌
摊,⿰扌难,扌
摑,⿰扌國,扌
摒,⿰扌屏,扌
摔,⿰扌率,扌
摘,⿰扌啇,扌
摞,⿰扌累,扌
摟,⿰扌婁,扌
摧,⿰扌崔,扌
摩,⿱麻手,手
摭,⿰扌庶,扌
摯,⿱執手,手
摳,⿰扌區,扌
摶,⿰扌專,扌
摸,⿰扌莫,扌
摹,⿱莫手,手
摺,⿰扌習,扌
摻,⿰扌參,扌
摽,⿰扌票,扌
撂,⿰扌畧,扌
撄,⿰扌婴,扌
撅,⿰扌厥,扌
撇,⿰扌敝,扌
撈,⿰扌勞,扌
撐,⿰扌牚,扌
撑,⿰扌掌,扌
撒,⿰扌散,扌
撓,⿰扌堯,扌
撕,⿰扌斯,扌
撖,⿰扌敢,扌
撙,⿰扌尊,扌
撞,⿰扌童,扌
撣,⿰扌單,扌
撤,⿰扌攵,扌
撥,⿰扌發,扌
撩,⿰扌尞,扌
撫,⿰扌無,扌
撬,⿰扌毳,扌
播,⿰扌番,扌
撮,⿰扌最,扌
撰,⿰扌巽,扌
撲,⿰扌菐,扌
撳,⿰扌欽,扌
撵,⿰扌辇,扌
撷,⿰扌颉,扌
撸,⿰扌鲁,扌
撺,⿰扌窜,扌
撻,⿰扌達,扌
撼,⿰扌感,扌
撾,⿰扌過,扌
撿,⿰扌僉,扌
擀,⿰扌幹,扌
擁,⿰扌雍,扌
擂,⿰扌雷,扌
擄,⿰扌虜,扌
擅,⿰扌亶,扌
擇,⿰扌睪,扌
擊,⿱毄手,手
擋,⿰扌當,扌
操,⿰扌喿,扌
擎,⿱敬手,手
擐,⿰扌睘,扌
擒,⿰扌禽,扌
擔,⿰扌詹,扌
擗,⿰扌辟,扌
擘,⿱辟手,手
據,⿰扌豦,扌
擞,⿰扌数,扌
擠,⿰扌齊,扌
擡,⿰扌臺,扌
擢,⿰扌翟,扌
擤,⿰扌鼻,扌
擦,⿰扌察,扌
擬,⿰扌疑,扌
擯,⿰扌賓,扌
擰,⿰扌寧,扌
擱,⿰扌閣,扌
擲,⿰扌鄭,扌
擴,⿰扌廣,扌
擷,⿰扌頡,扌
擺,⿰扌罷,扌
擻,⿰扌數,扌
擼,⿰扌魯,扌
擾,⿰扌憂,扌
擿,⿰扌適,扌
攀,⿱樊手,手
攆,⿰扌輦,扌
攉,⿰扌霍,扌
攏,⿰扌龍,扌
攒,⿰扌赞,扌
攔,⿰扌闌,扌
攘,⿰扌襄,扌
攙,⿰扌毚,扌
攛,⿰扌竄,扌
攜,⿰扌巂,扌
攝,⿰扌聶,扌
攢,⿰扌贊,扌
攣,⿱䜌手,手
攤,⿰扌難,扌
攥,⿰扌纂,扌
攪,⿰扌覺,扌
攫,⿰扌矍,扌
攬,⿰扌覽,扌
攮,⿰扌囊,扌
支,口,支
攴,X,攴
攵,⿰？攵,攵
收,⿰丩攵,攵
攸,⿰亻攵,攵
改,⿰己攵,攵
攻,⿰工攵,攵
放,⿰方攵,攵
政,⿰正攵,攵
敃,⿰民攵,攵
敄,⿰矛攵,攵
故,⿰古攵,攵
效,⿰交攵,攵
敉,⿰米攵,攵
敌,⿰舌攵,舌
敏,⿰每攵,攵
救,⿰求攵,攵
敕,⿰束攵,攵
敖,⿰？攵,攵
敗,⿰貝攵,攵
敘,⿰余攵,攵
教,⿰孝攵,攵
敛,⿰佥攵,攵
敝,⿰？攵,攵
敞,⿰尚攵,攵
敢,⿰？攵,攵
散,⿰？攵,攵
敦,⿰享攵,攵
敪,⿰叕攵,攵
敫,⿰？攵,攵
敬,⿰苟攵,攵
数,⿰娄攵,攵
敲,⿰高攴,攴
整,⿱敕正,攵
敵,⿰啇攵,旁攵
敷,⿰旉攵,攵
數,⿰婁攵,攵
敻,⿱？夂,攵
斂,⿰僉攵,攵
斃,⿱敝死,攵
文,⿱文？,文
斈,⿱文子,文
斉,⿱文月,文
斋,⿱文而,文
斍,⿱文見,文
斊,⿱文耳,文
斎,⿱文？,文
斌,⿰文武,文
斐,⿱非文,文
斑,⿰王王,文
斓,⿰文阑,文
斕,⿰文闌,文
斒,⿰文扁,文
斗,⿰？斗,斗
料,⿰米斗,斗
斛,⿰角斗,斗
斜,⿰余斗,斗
斟,⿰甚斗,斗
斡,⿰龺斗,斗
斤,口,斤
斥,口,斤
斦,⿰斤斤,斤
斧,⿱父斤,斤
斩,⿰车斤,车
斫,⿰石斤,斤
斬,⿰車斤,斤
断,⿰？斤,斤
斯,⿰其斤,斤
新,⿰亲斤,斤
斲,⿰？斤,斤
斷,⿰？斤,斤
方,⿰方？,方
於,⿰方？,方
施,⿰方㐌,方
斿,⿰方？,方
旁,⿱立方,方
旃,⿰方？,方
旄,⿰方？,方
旅,⿰方？,方
旆,⿰方？,方
旉,⿱甫方,方
旋,⿰方？,方
旌,⿰方？,方
旎,⿰方？,方
族,⿰方？,方
旒,⿰方？,方
旖,⿰方？,方
旗,⿰方？,方
无,口,无
旡,口,旡
既,⿰艮旡,旡
日,⿱日？,日
旦,⿱日一,日
旧,⿰丨日,日
旨,⿱匕日,日
早,⿱日十,日
旬,⿹勹日,日
旭,⿰九日,日
旮,⿱九日,日
旯,⿱日九,日
旰,⿰日干,日
旱,⿱日干,日
旲,⿱日大,日
时,⿰日寸,日
旷,⿰日广,日
旺,⿰日王,日
昀,⿰日匀,日
昂,⿱日卬,日
昃,⿱日仄,日
昆,⿱日比,日
昇,⿱日升,日
昉,⿰日方,日
昊,⿱日天,日
昌,⿱日曰,日
明,⿰日⺼,日
昏,⿱氏日,日
易,⿱日勿,日
昔,⿱廿日,日
昕,⿰日斤,日
昙,⿱日云,日
昜,⿱日勿,日
昝,⿱处日,日
星,⿱日生,日
映,⿰日央,日
春,⿱𡗗日,日
昧,⿰日未,日
昨,⿰日乍,日
昫,⿰日句,日
昬,⿱民日,日
昭,⿰日召,日
是,⿱日疋,日
昱,⿱日立,日
昴,⿱日卯,日
昵,⿰日尼,日
昶,⿰永日,日
昷,⿱日皿,日
昼,⿱尺旦,尸
显,⿱日业,日
晁,⿱日兆,日
時,⿰日寺,日
晃,⿱日光,日
晉,⿱一日,日
晋,⿱亚日,日
晌,⿰日向,日
晏,⿱日安,日
晒,⿰日西,日
晓,⿰日尧,日
晔,⿰日华,日
晕,⿱日军,日
晖,⿰日军,日
晗,⿰日含,日
晚,⿰日免,日
晝,⿱聿旦,日
晟,⿱日成,日
晡,⿰日甫,日
晤,⿰日吾,日
晦,⿰日每,日
晨,⿱日辰,日
晬,⿰日卒,日
普,⿱並日,日
景,⿱日京,日
晰,⿰日析,日
晴,⿰日青,日
晶,品日,日
晷,⿱日咎,日
智,⿱知日,日
晾,⿰日京,日
暂,⿱斩日,日
暄,⿰日宣,日
暆,⿰日施,日
暇,⿰日叚,日
暈,⿱日軍,日
暉,⿰日軍,日
暋,⿱敃日,日
暌,⿰日癸,日
暑,⿱日者,日
暖,⿰日爰,日
暗,⿰日音,日
暝,⿰日冥,日
暠,⿱日高,日
暡,⿰日翁,日
暢,⿰申昜,日
暧,⿰日爱,日
暨,⿱既旦,日
暫,⿱斬日,日
暮,⿱莫日,日
暱,⿰日匿,日
暴,⿱日？,日
暹,⿺辶？,日
暾,⿰日敦,日
曄,⿰日華,日
曆,⿱厤日,日
曇,⿱日雲,日
曉,⿰日堯,日
曖,⿰日愛,日
曙,⿰日署,日
曚,⿰日蒙,日
曛,⿰日熏,日
曜,⿰日翟,日
曝,⿰日暴,日
曠,⿰日廣,日
曦,⿰日羲,日
曩,⿱日襄,日
曬,⿰日麗,日
曰,⿱日？,曰
曱,X,曰
曲,⿱日？,曰
曳,⿱日戈,曰
更,⿱一？,曰
曷,⿱日？,曰
書,⿱聿日,曰
曹,⿱艹日,曰
曼,⿱日又,日
曾,⿱丷日,曰
替,⿱？日,曰
最,⿱日取,曰
朁,⿱？日,曰
會,⿱人日,曰
月,⿰⺼？,月
有,口,月
朊,⿰⺼元,⺼
朋,⿰⺼⺼,月
服,⿰⺼？,月
朐,⿰⺼句,月
朔,⿰屰⺼,月
朕,⿰⺼关,月
朗,⿰良⺼,月
望,⿱？王,月
朝,⿰龺⺼,月
期,⿰其⺼,月
朦,⿰⺼蒙,月
朧,⿰⺼龍,月
木,⿻木？,木
未,⿻木？,木
末,⿻木？,木
本,⿻木？,木
札,⿰木乚,木
朮,⿻木？,木
术,⿻木？,木
朱,⿻木？,木
朴,⿰木卜,木
朵,⿱几木,木
机,⿰木几,木
朽,⿰木丂,木
朿,⿻木冂,木
杀,⿱乂木,木
杂,⿱九木,木
权,⿰木又,木
杆,⿰木干,木
杈,⿰木叉,木
杉,⿰木彡,木
杌,⿰木兀,木
李,⿱木子,木
杏,⿱木口,木
材,⿰木才,木
村,⿰木寸,木
杓,⿰木勺,木
杖,⿰木丈,木
杜,⿰木土,木
杞,⿰木己,木
束,⿻木口,木
杠,⿰木工,木
条,⿱夂木,木
来,⿻木丷,木
杨,⿰木昜,木
杩,⿰木马,木
杪,⿰木少,木
杭,⿰木亢,木
杯,⿰木不,木
杰,⿱木灬,木
東,⿻木日,木
杲,⿱日木,木
杳,⿱木日,木
杵,⿰木午,木
杷,⿰木巴,木
杼,⿰木予,木
松,⿰木公,木
板,⿰木反,木
极,⿰木及,木
构,⿰木勾,木
枇,⿰木比,木
枉,⿰木王,木
枋,⿰木方,木
析,⿰木斤,木
枒,⿰木牙,木
枓,⿰木斗,木
枕,⿰木冘,木
林,⿰木木,木
枘,⿰木内,木
枚,⿰木攵,木
果,⿱田木,木
枝,⿰木支,木
枞,⿰木从,木
枢,⿰木区,木
枣,⿱朿⺀,木
枥,⿰木历,木
枧,⿰木见,木
枨,⿰木长,木
枪,⿰木仓,木
枫,⿰木风,木
枭,⿱鸟木,木
枯,⿰木古,木
枰,⿰木平,木
枳,⿰木只,木
枵,⿰木号,木
架,⿱加木,木
枷,⿰木加,木
枸,⿰木句,木
枼,⿱世木,木
柁,⿰木它,木
柃,⿰木令,木
柄,⿰木丙,木
柊,⿰木冬,木
柏,⿰木白,木
某,⿱甘木,木
柑,⿰木甘,木
柒,⿱？木,木
染,⿱氿木,木
柔,⿱矛木,木
柘,⿰木石,木
柙,⿰木甲,木
柚,⿰木由,木
柜,⿰木巨,木
柝,⿰木斥,木
柞,⿰木乍,木
柠,⿰木宁,木
柢,⿰木氐,木
查,⿱木旦,木
柩,⿰木匛,木
柬,⿻木八,木
柯,⿰木可,木
柰,⿱木示,木
柱,⿰木主,木
柳,⿰木卯,木
柴,⿱此木,木
柵,⿰木冊,木
柽,⿰木圣,木
柿,⿰木市,木
栀,⿰木卮,木
栅,⿰木册,木
标,⿰木示,木
栈,⿰木戋,木
栉,⿰木节,木
栊,⿰木龙,木
栋,⿰木东,木
栌,⿰木卢,木
栎,⿰木乐,木
栏,⿰木兰,木
树,⿰木对,木
栓,⿰木全,木
栖,⿰木西,木
栗,⿱覀木,木
栝,⿰木舌,木
校,⿰木交,木
栩,⿰木羽,木
株,⿰木朱,木
栱,⿰木共,木
栲,⿰木考,木
栳,⿰木老,木
栴,⿰木？,木
样,⿰木羊,木
核,⿰木亥,木
根,⿰木艮,木
格,木各,木
栽,⿰？戈,木
栾,⿱亦木,木
桀,⿱舛木,木
桁,⿰木行,木
桂,⿰木圭,木
桃,⿰木兆,木
桄,⿰木光,木
桅,⿰木危,木
框,⿰木匡,木
案,⿱安木,木
桉,⿰木安,木
桊,⿱龹木,木
桌,⿱卓木,木
桎,⿰木至,木
桐,⿰木同,木
桑,⿱叒木,木
桓,⿰木亘,木
桔,⿰木吉,木
桕,⿰木臼,木
桠,⿰木亚,木
桡,⿰木尧,木
桢,⿰木贞,木
档,⿰木当,木
桤,⿰木岂,木
桥,⿰木乔,木
桦,⿰木华,木
桧,⿰木会,木
桨,⿱？木,木
桩,⿰木庄,木
桫,⿰木沙,木
桲,⿰木孛,木
桴,⿰木孚,木
桶,⿰木甬,木
桷,⿰木角,木
桼,⿱木？,木
桿,⿰木旱,木
梁,⿱？木,木
梃,⿰木廷,木
梅,⿰木每,木
梆,⿰木邦,木
梏,⿰木告,木
梓,⿰木辛,木
梔,⿰木巵,木
梗,⿰木更,木
條,⿰亻条,木
梟,⿱鳥木,木
梢,⿰木肖,木
梣,⿰木岑,木
梦,⿱林夕,木
梧,⿰木吾,木
梨,⿱利木,木
梭,⿰木夋,木
梯,⿰木弟,木
械,⿰木戒,木
梳,⿰木㐬,木
梵,⿱林凡,木
梼,⿰木寿,木
梾,⿰木来,木
梿,⿰木连,木
检,⿰木佥,木
棂,⿰木灵,木
棄,⿱亠木,木
棉,⿰木帛,木
棋,⿰木其,木
棍,⿰木昆,木
棒,⿰木奉,木
棕,⿰木宗,木
棗,⿱朿朿,木
棘,⿰朿朿,木
棚,⿰木朋,木
棟,⿰木東,木
棠,⿱尚木,木
棣,⿰木隶,木
棥,⿰木木,木
棧,⿰木戔,木
森,品木,木
棰,⿰木垂,木
棱,⿰木夌,木
棲,⿰木妻,木
棵,⿰木果,木
棶,⿰木來,木
棹,⿰木卓,木
棺,⿰木官,木
棻,⿱艹木,木
棼,⿱林分,木
椁,⿰木享,木
椅,⿰木奇,木
椆,⿰木周,木
椋,⿰木京,木
植,⿰木直,木
椎,⿰木隹,木
椐,⿰木居,木
椒,⿰木叔,木
椟,⿰木卖,木
椠,⿱斩木,木
椤,⿰木罗,木
椥,⿰木知,木
椪,⿰木並,木
椭,⿰木陏,木
椰,⿰木耶,木
椴,⿰木段,木
椹,⿰木甚,木
椽,⿰木彖,木
椿,⿰木春,木
楂,⿰木查,木
楊,⿰木昜,木
楓,⿰木風,木
楔,⿰木契,木
楗,⿰木建,木
楙,⿲木矛木,木
楚,⿱林疋,木
楛,⿰木苦,木
楝,⿰木柬,木
楞,⿰木方,木
楠,⿰木南,木
楣,⿰木眉,木
楦,⿰木宣,木
楨,⿰木貞,木
楫,⿰木咠,木
業,⿱业木,木
楮,⿰木者,木
楱,⿰木奏,木
極,⿰木亟,木
楷,⿰木皆,木
楸,⿰木秋,木
楹,⿰木盈,木
楼,⿰木娄,木
榀,⿰木品,木
概,⿰木既,木
榄,⿰木览,木
榅,⿰木昷,木
榆,⿰木俞,木
榇,⿰木亲,木
榈,⿰木闾,木
榉,⿰木举,木
榍,⿰木屑,木
榔,⿰木郎,木
榕,⿰木容,木
榘,⿱矩木,木
榛,⿰木秦,木
榜,⿰木旁,木
榧,⿰木匪,木
榨,⿰木窄,木
榫,⿰木隼,木
榭,⿰木射,木
榮,⿱炏木,木
榱,⿰木衰,木
榲,⿰木？,木
榴,⿰木留,木
榷,⿰木隺,木
榻,⿰木？,木
榿,⿰木豈,木
槀,⿱高木,木
槁,⿰木高,木
槃,⿱般木,木
槊,⿱朔木,木
構,⿰木冓,木
槌,⿰木追,木
槍,⿰木倉,木
槎,⿰木差,木
槐,⿰木鬼,木
槓,⿰木貢,木
槔,⿰木皋,木
槛,⿰木监,木
槜,⿰木隽,木
槟,⿰木宾,木
槠,⿰木诸,木
槤,⿰木連,木
槨,⿰木郭,木
槭,⿰木戚,木
槲,⿰木斛,木
槳,⿱將木,木
槺,⿰木康,木
槽,⿰木曹,木
槿,⿰木堇,木
樁,⿰木舂,木
樂,⿱？木,木
樅,⿰木從,木
樆,⿰木离,木
樊,⿱棥大,木
樑,⿰木梁,木
樓,⿰木婁,木
樗,⿰木雩,木
樘,⿰木堂,木
標,⿰木票,木
樛,⿰木翏,木
樞,⿰木區,木
樟,⿰木章,木
模,⿰木莫,木
樣,⿰木羕,木
樨,⿰木犀,木
横,⿰木黄,木
樯,⿰木啬,木
樱,⿰木婴,木
樵,⿰木焦,木
樸,⿰木菐,木
樹,⿰木尌,木
樺,⿰木華,木
樽,⿰木尊,木
樾,⿰木越,木
橄,⿰木敢,木
橇,⿰木毳,木
橈,⿰木堯,木
橋,⿰木喬,木
橐,⿱？木,木
橘,⿰木矞,木
橙,⿰木登,木
橛,⿰木厥,木
機,⿰木幾,木
橡,⿰木象,木
橢,⿰木隋,木
橥,⿱猪木,木
橫,⿰木黃,木
橱,⿰木厨,木
橹,⿰木鲁,木
橼,⿰木缘,木
橾,⿰木喿,木
檀,⿰木亶,木
檃,⿱？木,木
檄,⿰木敫,木
檎,⿰木禽,木
檐,⿰木詹,木
檑,⿰木雷,木
檔,⿰木當,木
檗,⿱辟木,木
檜,⿰木會,木
檠,⿱敬木,木
檢,⿰木僉,木
檩,⿰木禀,木
檁,⿰木？,木
檫,⿰木察,木
檬,⿰木蒙,木
檮,⿰木壽,木
檯,⿰木臺,木
檳,⿰木賓,木
檵,⿰木㡭,木
檸,⿰木寧,木
檻,⿰木監,木
櫃,⿰木？,木
櫆,⿰木魁,木
櫓,⿰木魯,木
櫚,⿰木閭,木
櫛,⿰木節,木
櫞,⿰木緣,木
櫟,⿰木樂,木
櫥,⿰木廚,木
櫪,⿰木歷,木
櫫,⿱豬木,木
櫱,⿱辥木,木
櫸,⿰木舉,木
櫻,⿰木嬰,木
欄,⿰木闌,木
權,⿰木雚,木
欒,⿱䜌木,木
欖,⿰木覽,木
欞,⿰木靈,木
欠,⿰？欠,欠
次,⿰冫欠,欠
欢,⿰又欠,欠
欣,⿰斤欠,欠
欤,⿰与欠,欠
欧,⿰区欠,欠
欮,⿰屰欠,欠
欲,⿰谷欠,欠
欶,⿰束欠,欠
欷,⿰希欠,欠
欸,⿰矣欠,欠
欹,⿰奇欠,欠
欺,⿰其欠,欠
欻,⿰炎欠,欠
欽,⿰釒欠,欠
款,⿰？欠,欠
欿,⿰臽欠,欠
歃,⿰臿欠,欠
歆,⿰音欠,欠
歇,⿰曷欠,欠
歉,⿰兼欠,欠
歌,⿰哥欠,欠
歎,⿰堇欠,欠
歐,⿰區欠,欠
歔,⿰虚欠,欠
歙,⿰翕欠,欠
歛,⿰僉欠,欠
歡,⿰雚欠,欠
止,⿱？止,止
正,⿱一止,止
此,⿰止匕,止
步,⿱止？,止
武,⿰止弋,止
歧,⿰止支,止
歨,⿱止止,止
歪,⿱不正,止
歰,⿰,止
歲,⿱止戊,止
歷,⿸厂止,止
歸,⿰？帚,止
歹,⿰歹？,歹
歺,口,歺
死,⿰歹？,歹
歼,⿰歹千,歹
殁,⿰歹殳,歹
殂,⿰歹且,歹
殃,⿰歹央,歹
殄,⿰歹㐱,歹
殆,⿰歹台,歹
殇,⿰歹昜,歹
殉,⿰歹旬,歹
殊,⿰歹朱,歹
残,⿰歹戋,歹
殍,⿰歹孚,歹
殒,⿰歹员,歹
殓,⿰歹佥,歹
殖,⿰歹直,歹
殗,⿰歹奄,歹
殘,⿰歹戔,歹
殚,⿰歹单,歹
殛,⿰歹亟,歹
殞,⿰歹員,歹
殡,⿰歹宾,歹
殤,⿰歹昜,歹
殪,⿰歹壹,歹
殫,⿰歹單,歹
殭,⿰歹畺,歹
殮,⿰歹僉,歹
殯,⿰歹賓,歹
殲,⿰歹韱,歹
殳,⿰？殳,殳
殴,⿰区殳,殳
段,⿰？殳,殳
殷,⿰㐆殳,殳
殸,⿰声殳,殳
殹,⿰医殳,殳
殺,⿰杀殳,殳
殼,⿰壳殳,殳
殽,⿰肴殳,殳
殿,⿰？殳,殳
毀,⿰？殳,殳
毁,⿰？殳,殳
毂,⿰？殳,殳
毄,⿰軎殳,殳
毅,⿰豙殳,殳
毆,⿰區殳,殳
毋,⿱？母,毋
毌,⿱？母,毋
母,⿱？母,母
每,⿱？母,母
毒,⿱龶母,母
毓,⿰每㐬,母
比,⿰,比
毕,⿱比十,比
毖,⿱比必,比
毗,⿰田比,田
毙,⿱比死,比
毚,⿱㲋兔,比
毛,⿰毛？,毛
毡,⿰毛占,毛
毪,⿰毛牟,毛
毫,⿱亠毛,毛
毯,⿰毛炎,毛
毳,品毛,毛
毵,⿰参毛,毛
毹,⿰俞毛,毛
毽,⿰毛建,毛
氂,⿱？毛,毛
氅,⿱敞毛,毛
氆,⿰毛普,毛
氇,⿰毛鲁,毛
氈,⿰亶毛,毛
氍,⿰瞿毛,毛
氏,口,氏
氐,口,氏
民,口,民
氓,⿰亡民,民
气,⿹气？,气
氕,⿹气丿,气
氖,⿹气乃,气
氘,⿹气刂,气
氙,⿹气山,气
氚,⿹气川,气
氛,⿹气分,气
氜,⿹气日,气
氟,⿹气弗,气
氡,⿹气冬,气
氢,⿹气巠,气
氣,⿹气米,气
氤,⿹气因,气
氦,⿹气亥,气
氧,⿹气羊,气
氨,⿹气安,气
氩,⿹气亚,气
氪,⿹气克,气
氫,⿹气巠,气
氮,⿹气炎,气
氯,⿹气录,气
氰,⿹气青,气
氲,⿹气昷,气
氳,⿹气皿,气
水,⿱？水,水
氵,⿰氵？,氵
氶,⿱？水,水
永,⿱？水,水
氹,⿺乙水,乙
氺,⿱？水,氺
氽,⿱人水,人
氾,⿰氵㔾,氵
氿,⿰氵九,氵
汀,⿰氵丁,氵
汁,⿰氵十,氵
求,⿱？氺,氺
汆,⿱入水,水
汇,⿰氵匚,氵
汉,⿰氵又,氵
汊,⿰氵叉,氵
汐,⿰氵夕,氵
汒,⿰氵亡,氵
汔,⿰氵乞,氵
汕,⿰氵山,氵
汗,⿰氵干,氵
汙,⿰氵于,氵
汛,⿰氵卂,氵
汜,⿰氵巳,氵
汝,⿰氵女,氵
汞,⿱工水,水
江,⿰氵工,氵
池,⿰氵也,氵
污,⿰氵亏,氵
汤,⿰氵昜,氵
汧,⿰氵开,氵
汨,⿰氵日,氵
汩,⿰氵曰,氵
汪,⿰氵王,氵
汰,⿰氵太,氵
汲,⿰氵及,氵
汴,⿰氵卞,氵
汶,⿰氵文,氵
汹,⿰氵凶,氵
決,⿰氵夬,氵
汽,⿰氵气,氵
汾,⿰氵分,氵
沁,⿰氵心,氵
沂,⿰氵斤,氵
沃,⿰氵夭,氵
沅,⿰氵元,氵
沆,⿰氵亢,氵
沇,⿰氵允,氵
沈,⿰氵冘,氵
沉,⿰氵冗,氵
沌,⿰氵屯,氵
沏,⿰氵切,氵
沐,⿰氵木,氵
沒,⿰氵？,氵
沓,⿱水日,水
沔,⿰氵丏,氵
沖,⿰氵中,氵
沙,⿰氵少,氵
沛,⿰氵巿,氵
沟,⿰氵勾,氵
没,⿰氵殳,氵
沣,⿰氵丰,氵
沤,⿰氵区,氵
沥,⿰氵历,氵
沦,⿰氵仑,氵
沧,⿰氵仓,氵
沩,⿰氵为,氵
沪,⿰氵户,氵
沫,⿰氵末,氵
沭,⿰氵术,氵
沮,⿰氵且,氵
沱,⿰氵它,氵
沲,⿰氵？,氵
河,⿰氵可,氵
沸,⿰氵弗,氵
油,⿰氵由,氵
治,⿰氵台,氵
沼,⿰氵召,氵
沽,⿰氵古,氵
沾,⿰氵占,氵
沿,⿰氵？,氵
況,⿰氵兄,氵
泄,⿰氵世,氵
泅,⿰氵囚,氵
泆,⿰氵失,氵
泉,⿱白水,水
泊,⿰氵白,氵
泌,⿰氵必,氵
泐,⿰氵阞,氵
泓,⿰氵弘,氵
泔,⿰氵甘,氵
法,⿰氵去,氵
泖,⿰氵卯,氵
泗,⿰氵四,氵
泙,⿰氵平,氵
泛,⿰氵乏,氵
泞,⿰氵宁,氵
泠,⿰氵令,氵
泡,⿰氵包,氵
波,⿰氵皮,氵
泣,⿰氵立,氵
泥,⿰氵尼,氵
注,⿰氵主,氵
泪,⿰氵目,氵
泫,⿰氵玄,氵
泮,⿰氵半,氵
泯,⿰氵民,氵
泰,⿱𡗗氺,氺
泱,⿰氵央,氵
泳,⿰氵永,氵
泵,⿱石水,水
泶,⿱⺍水,水
泷,⿰氵龙,氵
泸,⿰氵卢,氵
泺,⿰氵乐,氵
泻,⿰氵写,氵
泼,⿰氵发,氵
泽,⿰氵？,氵
泾,⿰氵巠,氵
洁,⿰氵吉,氵
洄,⿰氵回,氵
洇,⿰氵因,氵
洋,⿰氵羊,氵
洌,⿰氵列,氵
洎,⿰氵自,氵
洒,⿰氵西,氵
洗,⿰氵先,氵
洙,⿰氵朱,氵
洚,⿰氵夅,氵
洛,⿰氵各,氵
洞,⿰氵同,氵
洣,⿰氵米,氵
津,⿰氵聿,氵
洧,⿰氵有,氵
洨,⿰氵交,氵
洩,⿰氵曳,氵
洪,⿰氵共,氵
洫,⿰氵血,氵
洮,⿰氵兆,氵
洰,⿰氵巨,氵
洱,⿰氵耳,氵
洲,⿰氵州,氵
洳,⿰氵如,氵
洵,⿰氵旬,氵
洶,⿰氵匈,氵
洹,⿰氵亘,氵
活,⿰氵舌,氵
洼,⿰氵圭,氵
洽,⿰氵合,氵
派,⿰氵氏,氵
流,⿰氵㐬,氵
浃,⿰氵夹,氵
浅,⿰氵戋,氵
浆,⿱？水,水
浇,⿰氵尧,氵
浈,⿰氵贞,氵
浉,⿰氵师,氵
浊,⿰氵虫,氵
测,⿰氵则,氵
浍,⿰氵会,氵
济,⿰氵齐,氵
浏,⿰氵刘,氵
浐,⿰氵产,氵
浑,⿰氵军,氵
浒,⿰氵许,氵
浓,⿰氵农,氵
浔,⿰氵寻,氵
浙,⿰氵折,氵
浚,⿰氵夋,氵
浜,⿰氵兵,氵
浞,⿰氵足,氵
浠,⿰氵希,氵
浣,⿰氵完,氵
浦,⿰氵甫,氵
浩,⿰氵告,氵
浪,⿰氵良,氵
浮,⿰氵孚,氵
浯,⿰氵吾,氵
浴,⿰氵谷,氵
海,⿰氵每,氵
浸,⿰氵？,氵
浹,⿰氵夾,氵
浼,⿰氵免,氵
浽,⿰氵妥,氵
涂,⿰氵余,氵
涅,⿰氵圼,氵
涇,⿰氵巠,氵
消,⿰氵肖,氵
涉,⿰氵步,氵
涌,⿰氵甬,氵
涎,⿰氵延,氵
涑,⿰氵束,氵
涓,⿰氵肙,氵
涔,⿰氵岑,氵
涕,⿰氵弟,氵
涖,⿰氵位,氵
涛,⿰氵寿,氵
涝,⿰氵劳,氵
涞,⿰氵来,氵
涟,⿰氵连,氵
涠,⿰氵围,氵
涡,⿰氵呙,氵
涣,⿰氵奂,氵
涤,⿰氵条,氵
润,⿰氵闰,氵
涧,⿰氵间,氵
涨,⿰氵张,氵
涩,⿰氵？,氵
涪,⿰氵咅,氵
涫,⿰氵官,氵
涮,⿰氵刷,氵
涯,⿰氵厓,氵
液,⿰氵夜,氵
涵,⿰氵函,氵
涸,⿰氵固,氵
涼,⿰氵京,氵
涿,⿰氵豖,氵
淀,⿰氵定,氵
淄,⿰氵甾,氵
淅,⿰氵析,氵
淆,⿰氵肴,氵
淇,⿰氵其,氵
淋,⿰氵林,氵
淌,⿰氵尚,氵
淑,⿰氵叔,氵
淒,⿰氵妻,氵
淖,⿰氵卓,氵
淘,⿰氵匋,氵
淙,⿰氵宗,氵
淚,⿰氵戾,氵
淝,⿰氵肥,氵
淞,⿰氵松,氵
淠,⿰氵畀,氵
淡,⿰氵炎,氵
淤,⿰氵於,氵
淥,⿰氵彔,氵
淦,⿰氵金,氵
淨,⿰氵爭,氵
淩,⿰氵夌,氵
淪,⿰氵侖,氵
淫,⿰氵？,氵
淬,⿰氵卒,氵
淮,⿰氵隹,氵
淯,⿰氵育,氵
深,⿰氵罙,氵
淳,⿰氵享,氵
淵,⿰氵？,氵
淶,⿰氵來,氵
混,⿰氵昆,氵
淹,⿰氵奄,氵
淺,⿰氵戔,氵
添,⿰氵忝,氵
淼,品水,水
清,⿰氵青,氵
渊,⿰氵？,氵
渌,⿰氵录,氵
渍,⿰氵责,氵
渎,⿰氵卖,氵
渐,⿰氵斩,氵
渑,⿰氵黾,氵
渔,⿰氵鱼,氵
渖,⿰氵审,氵
渗,⿰氵参,氵
渙,⿰氵奐,氵
渚,⿰氵者,氵
減,⿰氵咸,氵
渝,⿰氵俞,氵
渠,⿱洰木,氵
渡,⿰氵度,氵
渣,⿰氵查,氵
渤,⿰氵勃,氵
渥,⿰氵屋,氵
渦,⿰氵咼,氵
温,⿰氵昷,氵
渫,⿰氵枼,氵
測,⿰氵則,氵
渭,⿰氵胃,氵
港,⿰氵巷,氵
渲,⿰氵宣,氵
渴,⿰氵曷,氵
游,⿰氵斿,氵
渺,⿰氵眇,氵
渾,⿰氵軍,氵
湃,⿰氵拜,氵
湄,⿰氵眉,氵
湉,⿰氵恬,氵
湊,⿰氵奏,氵
湍,⿰氵耑,氵
湎,⿰氵面,氵
湓,⿰氵盆,氵
湔,⿰氵前,氵
湖,⿰氵胡,氵
湘,⿰氵相,氵
湛,⿰氵甚,氵
湞,⿰氵貞,氵
湟,⿰氵皇,氵
湣,⿰氵昬,氵
湧,⿰氵勈,氵
湫,⿰氵秋,氵
湮,⿰氵垔,氵
湯,⿰氵昜,氵
湴,⿰氵並,氵
湼,⿰氵？,氵
湾,⿰氵弯,氵
湿,⿰氵显,氵
溃,⿰氵贵,氵
溅,⿰氵贱,氵
溆,⿰氵叙,氵
溉,⿰氵既,氵
溏,⿰氵唐,氵
源,⿰氵原,氵
準,⿱淮十,氵
溘,⿰氵盍,氵
溜,⿰氵留,氵
溝,⿰氵冓,氵
溟,⿰氵冥,氵
溢,⿰氵益,氵
溥,⿰氵尃,氵
溦,⿲氵攵,氵
溧,⿰氵？,氵
溪,⿰氵奚,氵
溫,⿰氵？,氵
溯,⿰氵朔,氵
溱,⿰氵秦,氵
溲,⿰氵叟,氵
溴,⿰氵臭,氵
溶,⿰氵容,氵
溷,⿰氵圂,氵
溺,⿰氵弱,氵
溻,⿰氵？,氵
溽,⿰氵辱,氵
滁,⿰氵除,氵
滂,⿰氵旁,氵
滄,⿰氵倉,氵
滅,⿰氵烕,氵
滇,⿰氵真,氵
滊,⿰氵氣,氵
滋,⿰氵兹,氵
滌,⿰氵條,氵
滎,⿱炏水,水
滏,⿰氵釜,氵
滑,⿰氵骨,氵
滓,⿰氵宰,氵
滔,⿰氵舀,氵
滕,⿰⺼？,氺
滗,⿰氵笔,氵
滚,⿰氵衮,氵
滞,⿰氵带,氵
滟,⿰氵艳,氵
滠,⿰氵聂,氵
满,⿰氵？,氵
滢,⿰氵莹,氵
滤,⿰氵虑,氵
滥,⿰氵监,氵
滦,⿰氵栾,氵
滨,⿰氵宾,氵
滩,⿰氵难,氵
滬,⿰氵扈,氵
滯,⿰氵帶,氵
滲,⿰氵參,氵
滴,⿰氵啇,氵
滷,⿰氵鹵,氵
滸,⿰氵許,氵
滹,⿰氵虖,氵
滻,⿰氵産,氵
滾,⿰氵袞,氵
滿,⿰氵㒼,氵
漁,⿰氵魚,氵
漂,⿰氵票,氵
漆,⿰氵桼,氵
漉,⿰氵鹿,氵
漏,⿰氵屚,氵
漓,⿰氵离,氵
演,⿰氵寅,氵
漕,⿰氵曹,氵
漚,⿰氵區,氵
漠,⿰氵莫,氵
漢,⿰氵堇,氵
漣,⿰氵連,氵
漤,⿰氵婪,氵
漩,⿰氵旋,氵
漪,⿰氵猗,氵
漫,⿰氵曼,氵
漬,⿰氵責,氵
漭,⿰氵莽,氵
漯,⿰氵累,氵
漱,⿰氵欶,氵
漲,⿰氵張,氵
漳,⿰氵章,氵
漵,⿰氵敘,氵
漶,⿰氵患,氵
漸,⿰氵斬,氵
漼,⿰氵崔,氵
漾,⿰氵羕,氵
漿,⿱將水,水
潆,⿰氵萦,氵
潇,⿰氵萧,氵
潋,⿰氵敛,氵
潍,⿰氵维,氵
潑,⿰氵發,氵
潔,⿰氵絜,氵
潘,⿰氵番,氵
潛,⿰氵朁,氵
潜,⿰氵替,氵
潞,⿰氵路,氵
潟,⿰氵舄,氵
潢,⿰氵黄,氵
潤,⿰氵閏,氵
潦,⿰氵尞,氵
潭,⿰氵覃,氵
潮,⿰氵朝,氵
潯,⿰氵尋,氵
潰,⿰氵貴,氵
潲,⿰氵稍,氵
潴,⿰氵猪,氵
潸,⿰氵？,氵
潺,⿰氵孱,氵
潼,⿰氵童,氵
潽,⿰氵普,氵
澀,⿰氵歰,氵
澄,⿰氵登,氵
澆,⿰氵堯,氵
澇,⿰氵勞,氵
澈,⿰氵？,氵
澉,⿰氵敢,氵
澌,⿰氵斯,氵
澍,⿰氵尌,氵
澎,⿰氵彭,氵
澗,⿰氵間,氵
澜,⿰氵阑,氵
澠,⿰氵黽,氵
澡,⿰氵喿,氵
澤,⿰氵睪,氵
澥,⿰氵解,氵
澧,⿰氵豊,氵
澱,⿰氵殿,氵
澳,⿰氵奥,氵
澶,⿰氵亶,氵
澹,⿰氵詹,氵
激,⿰氵敫,氵
濁,⿰氵蜀,氵
濂,⿰氵廉,氵
濃,⿰氵農,氵
濉,⿰氵睢,氵
濊,⿰氵歲,氵
濑,⿰氵赖,氵
濒,⿰氵频,氵
濕,⿰氵㬎,氵
濘,⿰氵寧,氵
濛,⿰氵蒙,氵
濞,⿰氵鼻,氵
濟,⿰氵齊,氵
濠,⿰氵豪,氵
濡,⿰氵需,氵
濤,⿰氵壽,氵
濫,⿰氵監,氵
濮,⿰氵僕,氵
濯,⿰氵翟,氵
濰,⿰氵維,氵
濱,⿰氵賓,氵
濺,⿰氵賤,氵
濾,⿰氵慮,氵
瀆,⿰氵賣,氵
瀉,⿰氵寫,氵
瀋,⿰氵審,氵
瀏,⿰氵劉,氵
瀑,⿰氵暴,氵
瀕,⿰氵頻,氵
瀘,⿰氵盧,氵
瀚,⿰氵翰,氵
瀛,⿰氵嬴,氵
瀝,⿰氵歷,氵
瀟,⿰氵蕭,氵
瀣,⿰氵韰,氵
瀧,⿰氵龍,氵
瀨,⿰氵賴,氵
瀰,⿰氵彌,氵
瀵,⿰氵糞,氵
瀹,⿰氵龠,氵
瀾,⿰氵闌,氵
灌,⿰氵雚,氵
灏,⿰氵颢,氵
灑,⿰氵麗,氵
灘,⿰氵難,氵
灞,⿰氵霸,氵
灣,⿰氵彎,氵
火,⿱？火,火
灬,⿱？灬,灬
灭,⿱一火,火
灯,⿰火丁,火
灰,⿱？火,火
灵,⿱彐火,彐
灶,⿰火土,火
灸,⿱久火,火
灼,⿰火勺,火
災,⿱巛火,火
灾,⿱宀火,火
灿,⿰火山,火
炀,⿰火昜,火
炅,⿱日火,火
炆,⿰火文,火
炉,⿰火户,火
炊,⿰火欠,火
炎,⿱火火,火
炏,⿰火火,火
炒,⿰火少,火
炔,⿰火夬,火
炕,⿰火亢,火
炖,⿰火屯,火
炙,⿱月火,火
炜,⿰火韦,火
炝,⿰火仓,火
炤,⿰火召,火
炫,⿰火玄,火
炬,⿰火巨,火
炭,⿱山灰,火
炮,⿰火包,火
炯,⿰火冋,火
炱,⿱台火,火
炳,⿰火丙,火
炷,⿰火主,火
炸,⿰火乍,火
点,⿱占灬,灬
為,⿱？灬,灬
炻,⿰火石,火
炼,⿰火柬,火
炽,⿰火只,火
烀,⿰火乎,火
烁,⿰火乐,火
烂,⿰火兰,火
烃,⿰火巠,火
烈,⿱列灬,灬
烊,⿰火羊,火
烏,⿱?烏,灬
烕,⿰灭戈,火
烘,⿰火共,火
烙,⿰火各,火
烛,⿰火虫,火
烜,⿰火亘,火
烝,⿱丞灬,灬
烟,⿰火因,火
烤,⿰火考,火
烦,⿰火页,火
烧,⿰火尧,火
烨,⿰火华,火
烩,⿰火会,火
烫,⿱汤火,火
烬,⿰火尽,火
热,⿱执灬,灬
烯,⿰火希,火
烴,⿰火巠,火
烷,⿰火完,火
烹,⿱亨灬,灬
烽,⿰火夆,火
焉,⿱正灬,灬
焊,⿰火旱,火
焌,⿰火夋,火
焐,⿰火吾,火
焓,⿰火含,火
焕,⿰火奂,火
焖,⿰火闷,火
焗,⿰火局,火
焘,⿱寿灬,灬
焙,⿰火咅,火
焚,⿱林火,火
無,⿱？灬,灬
焢,⿰火空,火
焦,⿱隹灬,灬
焯,⿰火卓,火
焰,⿰火臽,火
焱,品火,火
然,⿱肰灬,灬
煅,⿰火段,火
煆,⿰火叚,火
煉,⿰火柬,火
煊,⿰火宣,火
煌,⿰火皇,火
煎,⿱前灬,灬
煙,⿰火垔,火
煜,⿰火昱,火
煞,⿱？灬,灬
煢,⿱炏卂,炏
煤,⿰火某,火
煥,⿰火奐,火
煦,⿱昫灬,灬
照,⿱昭灬,灬
煨,⿰火畏,火
煩,⿰火頁,火
煬,⿰火昜,火
煮,⿱者灬,灬
煲,⿱保火,火
煳,⿰火胡,火
煸,⿰火扁,火
煺,⿰火退,火
煽,⿰火扇,火
熄,⿰火息,火
熊,⿱能灬,灬
熏,⿱？灬,灬
熒,⿱？火,火
熔,⿰火容,火
熘,⿰火留,火
熙,⿱巸灬,灬
熜,⿰火悤,火
熟,⿱孰灬,灬
熠,⿰火習,火
熨,⿱尉火,火
熬,⿱敖灬,灬
熰,⿰火區,火
熱,⿱埶灬,灬
熳,⿰火曼,火
熵,⿰火商,火
熹,⿱喜灬,灬
熾,⿰火戠,火
燃,⿰火然,火
燅,⿰坴炎,火
燈,⿰火登,火
燉,⿰火敦,火
燎,⿰火尞,火
燒,⿰火堯,火
燔,⿰火番,火
燕,⿱廿灬,灬
燙,⿱湯火,火
燜,⿰火悶,火
營,⿱炏吕,炏
燠,⿰火奥,火
燥,⿰火喿,火
燦,⿰火粲,火
燧,⿰火遂,火
燬,⿰火毁,火
燭,⿰火蜀,火
燮,⿱？又,火
燴,⿰火會,火
燹,⿱豩火,火
燻,⿰火熏,火
燼,⿰火盡,火
燾,⿱壽灬,灬
爆,⿰火暴,火
爇,⿱艹熱,灬
爌,⿰火廣,火
爍,⿰火樂,火
爐,⿰火盧,火
爛,⿰火闌,火
爝,⿰火爵,火
爨,⿱？火,火
爪,口,爪
爫,⿱爫？,爫
爬,⿰爪巴,爪
爭,⿱爫亅,爫
爯,⿱爫冉,爫
爰,⿱爫友,爫
爱,⿱爫友,爫
爵,⿱爫？,爫
父,⿱父？,父
爷,⿱父卩,父
爸,⿱父巴,父
爹,⿱父多,父
爺,⿱父耶,父
爻,X,爻
爽,口,爻
爾,口,爻
爿,X,爿
牆,⿰爿嗇,爿
片,⿰片？,片
版,⿰片反,片
牌,⿰片卑,片
牍,⿰片卖,片
牒,⿰片枼,片
牖,⿰片甫,片
牘,⿰片賣,片
㸝,⿰片欠,片
㸞,⿰片片,片
牊,⿰片召,片
牉,⿰片半,片
㸟,⿰片旨,片
㸡,⿰片朱,片
㸠,⿰片兆,片
牙,口,牙
牚,⿱尚牙,牙
牛,⿱？牛,牛
牝,⿰牛匕,牛
牟,⿱厶牛,牛
牠,⿰牛也,牛
牡,⿰牛土,牛
牢,⿱宀牛,牛
牦,⿰牛毛,牛
牧,⿰牛攵,牛
物,⿰牛勿,牛
牮,⿱代牛,牛
牯,⿰牛古,牛
牲,⿰牛生,牛
牴,⿰牛氐,牛
牵,⿱大牛,大
牸,⿰牛字,牛
特,⿰牛寺,牛
牺,⿰牛西,牛
牽,⿱玄牛,牛
牾,⿰牛吾,牛
牿,⿰牛告,牛
犀,⿸尸牛,牛
犁,⿱利牛,牛
犂,⿱？牛,牛
犄,⿰牛奇,牛
犊,⿰牛卖,牛
犋,⿰牛具,牛
犍,⿰牛建,牛
犎,⿱封牛,牛
犏,⿰牛扁,牛
犒,⿰牛高,牛
犟,⿱强牛,牛
犢,⿰牛賣,牛
犧,⿰牛羲,牛
犪,⿰牛夔,牛
牶,⿱?牛,牛
㸷,⿱?牛,牛
㸺,⿱沙牛,牛
㹈,⿱？牛,牛
犎,⿱封牛,牛
犬,⿱？大,犬
犭,⿰犭？,犭
犮,⿻犬？,犬
犯,⿰犭㔾,犭
犰,⿰犭九,犭
犴,⿰犭干,犭
状,⿰丬犬,犬
犷,⿰犭广,犭
犸,⿰犭马,犭
犹,⿰犭尤,犭
犾,⿰犭犬,犭
㹜,⿰犬犬,犬
狀,⿰爿犬,犬
狁,⿰犭允,犭
狂,⿰犭王,犭
狃,⿰犭丑,犭
狄,⿰犭火,犭
狈,⿰犭贝,犭
狉,⿰犭丕,犭
狊,⿱目犬,犬
狍,⿰犭包,犭
狎,⿰犭甲,㿦犭
狐,⿰犭瓜,犭
狒,⿰犭弗,犭
狗,⿰犭句,犭
狙,⿰犭且,犭
狞,⿰犭宁,犭
狠,⿰犭艮,犭
狡,⿰犭交,犭
狨,⿰犭戎,犭
狩,⿰犭守,犭
独,⿰犭虫,犭
狭,⿰犭夹,犭
狮,⿰犭师,犭
狯,⿰犭会,犭
狰,⿰犭争,犭
狱,⿰犭？,犭
狲,⿰犭孙,犭
狳,⿰犭余,犭
狴,⿰犭坒,犭
狷,⿰犭肙,犭
狸,⿰犭里,犭
狹,⿰犭夾,犭
狺,⿰犭言,犭
狻,⿰犭夋,犭
狼,⿰犭良,犭
狽,⿰犭貝,犭
猁,⿰犭利,犭
猃,⿰犭佥,犭
猇,⿰犭虎,犭
猊,⿰犭兒,犭
猋,品犬,犬
猎,⿰犭昔,犭
猒,⿰明犬,犬
猓,⿰犭果,犭
猕,⿰犭弥,犭
猖,⿰犭昌,犭
猗,⿰犭奇,犭
猙,⿰犭爭,犭
猛,⿰犭孟,犭
猜,⿰犭青,犭
猝,⿰犭卒,犭
猞,⿰犭舍,犭
猡,⿰犭罗,犭
猢,⿰犭胡,犭
猥,⿰犭畏,犭
猩,⿰犭星,犭
猪,⿰犭者,犭
猫,⿰犭苗,犭
猬,⿰犭胃,犭
献,⿰南犬,犬
猱,⿰犭柔,犭
猲,⿰犭曷,犭
猳,⿰犭叚,犭
猴,⿰犭侯,犭
猵,⿰犭扁,犭
猶,⿰犭酋,犭
猷,⿰酋犬,犬
猸,⿰犭眉,犭
猹,⿰犭查,犭
猻,⿰犭孫,犭
猾,⿰犭骨,犭
猿,⿰犭袁,犭
獄,⿰犭？,犭
獰,⿰犭寧,犭
獅,⿰犭師,犭
獍,⿰犭竟,犭
獎,⿱將犬,犬
獐,⿰犭章,犭
獒,⿱敖犬,犬
獗,⿰犭厥,犭
獠,⿰犭尞,犭
獨,⿰犭蜀,犭
獬,⿰犭解,犭
獭,⿰犭赖,犭
獯,⿰犭熏,犭
獲,⿰犭蒦,犭
獵,⿰犭巤,犭
獷,⿰犭廣,犭
獸,⿰嘼犬,犬
獻,⿰鬳犬,犬
獾,⿰犭雚,犭
玃,⿰犭矍,犭
玄,⿱亠,玄
率,⿱亠十,玄
玉,口,玉
王,口,王
玎,⿰王丁,王
玑,⿰王几,王
玓,⿰王勺,王
玖,⿰王久,王
玗,⿰王于,王
玛,⿰王马,王
玟,⿰王文,王
玡,⿰王牙,王
玢,⿰王分,王
玨,⿰王王,王
玩,⿰王元,王
玫,⿰王攵,王
玮,⿰王韦,王
环,⿰王不,王
现,⿰王见,王
玲,⿰王令,王
玳,⿰王代,王
玷,⿰王占,王
玺,⿱尔玉,玉
玻,⿰王皮,王
珀,⿰王白,王
珂,⿰王可,王
珈,⿰王加,王
珉,⿰王民,王
珊,⿰王册,王
珍,⿰王？,王
珏,⿰王玉,王
珐,⿰王去,王
珑,⿰王龙,王
珙,⿰王共,王
珞,⿰王各,王
珠,⿰王朱,王
珤,⿰王缶,王
珥,⿰王耳,王
珧,⿰王兆,王
珩,⿰王行,王
班,⿰王王,王
珮,⿰王？,王
珲,⿰王军,王
現,⿰王見,王
球,⿰王求,王
琅,⿰王良,王
理,⿰王里,王
琉,⿰王㐬,王
琊,⿰王邪,王
琏,⿰王连,王
琖,⿰王戔,王
琐,⿰王？,王
琚,⿰王居,王
琛,⿰王罙,王
琢,⿰王豖,王
琥,⿰王虎,王
琦,⿰王奇,王
琨,⿰王昆,王
琪,⿰王其,王
琬,⿰王宛,王
琮,⿰王宗,王
琰,⿰王炎,王
琳,⿰王林,王
琴,⿱玨今,王
琵,⿱玨比,王
琶,⿱玨巴,王
琼,⿰王京,王
瑁,⿰王冒,王
瑄,⿰王宣,王
瑋,⿰王韋,王
瑕,⿰王叚,王
瑗,⿰王爰,王
瑙,⿰王？,王
瑚,⿰王胡,王
瑛,⿰王英,王
瑜,⿰王俞,王
瑞,⿰王耑,王
瑟,⿱玨必,王
瑣,⿰王？,王
瑤,⿰王䍃,王
瑩,⿱炏王,玉
瑪,⿰王馬,王
瑭,⿰王唐,王
瑯,⿰王郎,王
瑰,⿰王鬼,王
瑱,⿰王真,王
瑶,⿰王䍃,王
瑷,⿰王爱,王
瑾,⿰王堇,王
璀,⿰王崔,王
璁,⿰王悤,王
璃,⿰王离,王
璇,⿰王旋,王
璋,⿰王章,王
璎,⿰王婴,王
璐,⿰王路,王
璚,⿰王矞,王
璜,⿰王黄,王
璞,⿰王菐,王
璣,⿰王幾,王
璦,⿰王愛,王
璧,⿱辟王,玉
璨,⿰王粲,王
璩,⿰王豦,王
環,⿰王睘,王
璺,⿱？王,玉
璽,⿱爾王,玉
瓅,⿰王樂,王
瓊,⿰王敻,王
瓏,⿰王龍,王
瓒,⿰王赞,王
瓔,⿰王嬰,王
瓜,口瓜,瓜
瓞,⿰瓜失,瓜
瓠,⿰夸瓜,瓜
瓢,⿰票瓜,瓜
瓣,⿰辛瓜,瓜
瓤,⿰襄瓜,瓜
瓦,⿱一瓦,瓦
瓮,⿱公瓦,瓦
瓯,⿰区瓦,瓦
瓴,⿰令瓦,瓦
瓶,⿰并瓦,瓦
瓷,⿱次瓦,瓦
瓿,⿰咅瓦,瓦
甄,⿰垔瓦,瓦
甌,⿰區瓦,瓦
甍,⿱艹瓦,瓦
甏,⿱彭瓦,瓦
甑,⿰曾瓦,瓦
甓,⿱辟瓦,瓦
甕,⿱雍瓦,瓦
甘,口,甘
甙,⿰甘弋,弋
甚,⿱甘匹,甘
甜,⿰舌甘,甘
生,口,生
產,⿱文生,生
産,⿸产生,生
甤,⿰豕生,生
甥,⿰生男,生
甦,⿰更生,生
用,⿱？用,用
甩,⿱？用,用
甫,⿱？用,用
甬,⿱？用,用
甭,⿱不用,用
甯,⿱宀用,用
田,⿱田？,田
由,⿱田？,田
甲,⿱田？,田
申,⿱田？,田
甴,⿴囗？,田
电,⿱田？,曰
男,⿱田力,田
甸,⿹勹田,田
甹,⿱由丂,田
町,⿰田丁,田
画,⿱一？,田
甾,⿱巛田,田
畀,⿱田丌,田
畅,⿰申昜,日
畈,⿰田反,田
畋,⿰田攵,田
界,⿱田介,田
畎,⿰田犬,田
畏,⿱田？,田
畐,⿱一田,田
畑,⿰火田,火
畔,⿰田半,田
留,⿱卯田,田
畚,⿱厶田,田
畛,⿰田㐱,田
畜,⿱玄田,田
畝,⿰亩久,田
畟,⿱田夂,田
畢,⿱田？,田
略,⿰田各,田
畦,⿰田圭,田
畧,⿱田各,田
番,⿱采田,田
畫,⿱聿田,田
畬,⿱余田,田
異,⿱田共,田
畲,⿱佘田,田
畴,⿰田寿,田
當,⿱尚田,田
畸,⿰田奇,田
畹,⿰田宛,田
畺,⿱一田,田
畾,品田,田
畿,⿰？戈,田
疃,⿰田童,田
疆,⿰弓畺,田
疇,⿰田壽,田
疊,⿱畾冝,田
疋,X,疋
疌,⿱彐疋,疋
疏,⿰疋㐬,疋
疐,⿱十疋,疋
疑,⿰？疋,疋
疒,⿸疒？,疒
疔,⿸疒丁,疒
疖,⿸疒卩,疒
疗,⿸疒了,疒
疙,⿸疒乞,疒
疚,⿸疒久,疒
疝,⿸疒山,疒
疟,⿸疒？,疒
疠,⿸疒万,疒
疡,⿸疒昜,疒
疣,⿸疒尤,疒
疤,⿸疒巴,疒
疥,⿸疒介,疒
疫,⿸疒殳,疒
疬,⿸疒历,疒
疭,⿸疒从,疒
疮,⿸疒仓,疒
疯,⿸疒风,疒
疰,⿸疒主,疒
疱,⿸疒包,疒
疲,⿸疒皮,疒
疳,⿸疒甘,疒
疴,⿸疒可,疒
疵,⿸疒此,疒
疸,⿸疒旦,疒
疹,⿸疒㐱,疒
疼,⿸疒冬,疒
疽,⿸疒且,疒
疾,⿸疒矢,疒
痂,⿸疒加,疒
痃,⿸疒玄,疒
痄,⿸疒乍,疒
病,⿸疒丙,疒
症,⿸疒正,疒
痈,⿸疒用,疒
痉,⿸疒巠,疒
痊,⿸疒全,疒
痍,⿸疒夷,疒
痒,⿸疒羊,疒
痔,⿸疒寺,疒
痕,⿸疒艮,疒
痖,⿸疒亚,疒
痘,⿸疒豆,疒
痙,⿸疒巠,疒
痛,⿸疒甬,疒
痞,⿸疒否,疒
痢,⿸疒利,疒
痣,⿸疒志,疒
痤,⿸疒坐,疒
痦,⿸疒吾,疒
痧,⿸疒沙,疒
痨,⿸疒劳,疒
痪,⿸疒奂,疒
痫,⿸疒闲,疒
痰,⿸疒炎,疒
痱,⿸疒非,疒
痲,⿸疒林,疒
痴,⿸疒知,疒
痹,⿸疒畀,疒
痺,⿸疒卑,疒
痼,⿸疒固,疒
痾,⿸疒阿,疒
痿,⿸疒委,疒
瘀,⿸疒於,疒
瘁,⿸疒卒,疒
瘃,⿸疒豖,疒
瘅,⿸疒单,疒
瘊,⿸疒侯,疒
瘋,⿸疒風,疒
瘌,⿸疒剌,疒
瘐,⿸疒臾,疒
瘓,⿸疒奐,疒
瘕,⿸疒叚,疒
瘗,⿸疒？,疒
瘘,⿸疒娄,疒
瘙,⿸疒蚤,疒
瘛,⿸疒恝,疒
瘜,⿸疒息,疒
瘟,⿸疒昷,疒
瘠,⿸疒脊,疒
瘡,⿸疒倉,疒
瘢,⿸疒般,疒
瘤,⿸疒留,疒
瘥,⿸疒差,疒
瘦,⿸疒叟,疒
瘧,⿸疒虐,疒
瘩,⿸疒荅,疒
瘪,⿸疒？,疒
瘫,⿸疒难,疒
瘭,⿸疒票,疒
瘰,⿸疒累,疒
瘲,⿸疒從,疒
瘳,⿸疒翏,疒
瘴,⿸疒章,疒
瘵,⿸疒祭,疒
瘸,⿸疒？,疒
瘼,⿸疒莫,疒
瘾,⿸疒隐,疒
瘿,⿸疒婴,疒
癀,⿸疒黄,疒
療,⿸疒尞,疒
癃,⿸疒隆,疒
癆,⿸疒勞,疒
癇,⿸疒閒,疒
癉,⿸疒單,疒
癌,⿸疒嵒,疒
癍,⿸疒斑,疒
癒,⿸疒愈,疒
癔,⿸疒意,疒
癖,⿸疒辟,疒
癘,⿸疒萬,疒
癜,⿸疒殿,疒
癞,⿸疒赖,疒
癟,⿸疒？,疒
癡,⿸疒疑,疒
癢,⿸疒養,疒
癣,⿸疒鲜,疒
癥,⿸疒徵,疒
癧,⿸疒歷,疒
癩,⿸疒賴,疒
癫,⿸疒颠,疒
癬,⿸疒鮮,疒
癮,⿸疒隱,疒
癯,⿸疒瞿,疒
癰,⿸疒雝,疒
癱,⿸疒難,疒
癲,⿸疒顛,疒
癶,⿱癶？,癶
癷,⿱癶干,癶
癸,⿱癶天,癶
登,⿱癶豆,癶
癹,⿱癶？,癶
發,⿱癶？,癶
白,口,白
百,⿱一白,白
皂,⿱白七,白
皃,⿱白儿,白
皁,⿱白十,白
皀,⿱白匕,白
㿝,⿱白？,白
的,⿰白勺,白
皅,⿰白巴,白
皆,⿱比白,白
皇,⿱白王,白
皈,⿰白反,白
皍,⿱白？,白
皋,⿱白夲,白
皐,⿱白？,白
㿡,⿱白兆,白
皎,⿰白交,白
皑,⿰白岂,白
皒,⿰白我,白
皓,⿰白告,白
皕,⿰百百,白
皖,⿰白完,白
皙,⿱析白,白
㿢,⿱明白,白
㿦,⿱?白,白
皚,⿰白豈,白
皤,⿰白番,白
皦,⿰白敫,白
皮,⿰？皮,皮
皰,⿰皮包,皮
皱,⿰刍皮,皮
皲,⿰军皮,皮
皴,⿰夋皮,皮
皺,⿰芻皮,皮
皻,⿰虘皮,皮
皿,⿱？皿,皿
盂,⿱于皿,皿
盃,⿱不皿,皿
盅,⿱中皿,皿
盆,⿱分皿,皿
盈,⿱夃皿,皿
益,⿱水皿,皿
盍,⿱去皿,皿
盎,⿱央皿,皿
盏,⿱戋皿,皿
盐,⿱圤皿,皿
监,⿱？皿,皿
盒,⿱人皿,皿
盔,⿱灰皿,皿
盖,⿱羊皿,皿
盗,⿱次皿,皿
盘,⿱舟皿,皿
盛,⿱成皿,皿
盜,⿱？皿,皿
盞,⿱戔皿,皿
盟,⿱明皿,皿
盡,⿱？皿,皿
監,⿱？皿,皿
盤,⿱般皿,皿
盥,⿱？皿,皿
盧,⿸虍皿,皿
盪,⿱湯皿,皿
目,口,目
盯,⿰目丁,目
盱,⿰目于,目
盲,⿱亡目,目
直,⿱十一,目
相,⿰木目,目
盹,⿰目屯,目
盼,⿰目分,目
盾,⿸厂目,目
省,⿱少目,目
眄,⿰目丏,目
眇,⿰目少,目
眈,⿰目冘,目
眉,⿸尸目,目
看,⿱手目,目
県,⿱目小,目
眍,⿰目区,目
眔,⿱罒？,目
眙,⿰目台,目
眚,⿱生目,目
真,⿱目八,目
眠,⿰目民,目
眢,⿱夗目,目
眥,⿱此目,目
眦,⿰目此,目
眨,⿰目乏,目
眩,⿰目玄,目
眬,⿰目龙,目
眭,⿰目圭,目
眯,⿰目米,目
眳,⿰目名,目
眵,⿰目多,目
眶,⿰目匡,目
眷,⿱龹目,目
眸,⿰目牟,目
眺,⿰目兆,目
眼,⿰目艮,目
眽,⿰目？,目
眾,⿱罒众,目
着,⿱羊目,目
睁,⿰目争,目
睃,⿰目夋,目
睇,⿰目弟,目
睏,⿰目困,目
睐,⿰目来,目
睑,⿰目佥,目
睘,⿱罒？,目
睚,⿰目厓,目
睛,⿰目青,目
睜,⿰目爭,目
睞,⿰目來,目
睡,⿰目垂,目
睢,⿰目隹,目
督,⿱叔目,目
睥,⿰目卑,目
睦,⿰目坴,目
睨,⿰目兒,目
睪,⿱罒幸,目
睫,⿰目疌,目
睬,⿰目采,目
睹,⿰目者,目
睽,⿰目癸,目
睾,⿱罒幸,目
睿,⿱？目,目
瞀,⿱敄目,目
瞄,⿰目苗,目
瞅,⿰目秋,目
瞇,⿰目迷,目
瞈,⿰目翁,目
瞋,⿰目真,目
瞌,⿰目盍,目
瞍,⿰目叟,目
瞎,⿰目害,目
瞑,⿰目冥,目
瞒,⿰目？,目
瞓,⿰目訓,目
瞘,⿰目區,目
瞜,⿰目婁,目
瞞,⿰目㒼,目
瞟,⿰目票,目
瞠,⿰目堂,目
瞢,⿱艹目,目
瞥,⿱敝目,目
瞧,⿰目焦,目
瞩,⿰目属,目
瞪,⿰目登,目
瞬,⿰目舜,目
瞭,⿰目尞,目
瞰,⿰目敢,目
瞳,⿰目童,目
瞵,⿰目粦,目
瞻,⿰目詹,目
瞼,⿰目僉,目
瞽,⿱鼓目,目
瞿,⿱？隹,目
矇,⿰目蒙,目
矍,⿱瞿又,目
矓,⿰目龍,目
矗,⿱直？,目
矚,⿰目屬,目
矛,口,矛
矜,⿰矛今,矛
矞,⿱矛冏,矛
矢,⿱？矢,矢
矣,⿱厶矢,矢
知,⿰矢口,矢
矦,⿱？矢,矢
矧,⿰矢引,矢
矩,⿰矢巨,矢
矫,⿰矢乔,矢
矬,⿰矢坐,矢
短,⿰矢豆,矢
矮,⿰矢委,矢
矯,⿰矢喬,矢
石,⿱?石,石
矶,⿰石几,石
矸,⿰石干,石
矻,⿰石乞,石
矽,⿰石夕,石
矾,⿰石凡,石
矿,⿰石广,石
砀,⿰石昜,石
码,⿰石马,石
砂,⿰石少,石
砉,⿱丰石,石
砌,⿰石切,石
砍,⿰石欠,石
砑,⿰石牙,石
砒,⿰石比,石
研,⿰石开,石
砖,⿰石专,石
砗,⿰石车,石
砘,⿰石屯,石
砚,⿰石见,石
砜,⿰石风,石
砝,⿰石去,石
砟,⿰石乍,石
砣,⿰石它,石
砥,⿰石氐,石
砦,⿱此石,石
砧,⿰石占,石
砩,⿰石弗,石
砬,⿰石立,石
砭,⿰石乏,石
砰,⿰石平,石
砲,⿰石包,石
破,⿰石皮,石
砷,⿰石申,石
砸,⿰石匝,石
砹,⿰石艾,石
砺,⿰石厉,石
砻,⿱龙石,龙
砼,⿰石仝,石
砾,⿰石乐,石
础,⿰石出,石
硃,⿰石朱,石
硅,⿰石圭,石
硇,⿰石囟,石
硌,⿰石各,石
硎,⿰石刑,石
硐,⿰石同,石
硒,⿰石西,石
硕,⿰石页,石
硖,⿰石夹,石
硗,⿰石尧,石
硙,⿰石岂,石
硝,⿰石肖,石
硪,⿰石我,石
硫,⿰石㐬,石
硬,⿰石更,石
硭,⿰石芒,石
确,⿰石角,石
硯,⿰石見,石
硷,⿰石佥,石
硼,⿰石朋,石
碊,⿰石戔,石
碇,⿰石定,石
碉,⿰石周,石
碌,⿰石录,石
碍,⿰石㝵,石
碎,⿰石卒,石
碑,⿰石卑,石
碓,⿰石隹,石
碗,⿰石宛,石
碘,⿰石典,石
碚,⿰石咅,石
碛,⿰石责,石
碜,⿰石参,石
碟,⿰石枼,石
碡,⿰石毒,石
碣,⿰石曷,石
碥,⿰石扁,石
碧,⿱珀石,石
碩,⿰石頁,石
碰,⿰石並,石
碱,⿰石咸,石
碲,⿰石帝,石
碳,⿰石炭,石
碴,⿰石查,石
碹,⿰石宣,石
確,⿰石隺,石
碼,⿰石馬,石
碾,⿰石展,石
磁,⿰石兹,石
磅,⿰石旁,石
磉,⿰石桑,石
磊,品石,石
磋,⿰石差,石
磐,⿱般石,石
磔,⿰石桀,石
磕,⿰石盍,石
磙,⿰石衮,石
磚,⿰石專,石
磨,⿱麻石,石
磬,⿱殸石,石
磯,⿰石？,石
磲,⿰石渠,石
磴,⿰石登,石
磷,⿰石粦,石
磺,⿰石黄,石
礁,⿰石焦,石
礅,⿰石敦,石
礎,⿰石楚,石
礓,⿰石畺,石
礙,⿰石疑,石
礞,⿰石蒙,石
礤,⿰石蔡,石
礦,⿰石廣,石
礬,⿱樊石,石
礴,⿰石薄,石
礫,⿰石樂,石
示,口,示
礻,⿰礻？,礻
礼,⿰礻乚,礻
社,⿰礻土,礻
祀,⿰礻巳,礻
祁,⿰礻阝,礻
祆,⿰礻天,礻
祇,⿰礻氏,礻
祈,⿰礻斤,礻
祉,⿰礻止,礻
祎,⿰礻韦,礻
祓,⿰礻犮,礻
祕,⿰礻必,礻
祖,⿰礻且,礻
祗,⿰礻氐,礻
祘,⿰示示,示
祚,⿰礻乍,礻
祛,⿰礻去,礻
祜,⿰礻古,礻
祝,⿰礻兄,礻
神,⿰礻申,礻
祟,⿱出示,示
祠,⿰礻司,礻
祢,⿰礻尔,礻
祥,⿰礻羊,礻
祧,⿰礻兆,礻
票,⿱覀示,示
祭,⿱？示,示
祯,⿰礻贞,礻
祷,⿰礻寿,礻
祸,⿰礻呙,礻
祺,⿰礻其,礻
祿,⿰礻彔,礻
禀,⿱亠示,示
禁,⿱林示,示
禄,⿰礻录,礻
禅,⿰礻单,礻
禊,⿰礻契,礻
禍,⿰礻咼,礻
禎,⿰礻貞,礻
福,⿰礻畐,礻
禕,⿰礻韋,礻
禚,⿰礻羔,礻
禛,⿰礻真,礻
禦,⿱御示,示
禧,⿰礻喜,礻
禪,⿰礻單,礻
禮,⿰礻豊,礻
禰,⿰礻爾,礻
禱,⿰礻壽,礻
禳,⿰礻襄,礻
禸,⿱？禸,禸
禹,⿱丿禸,禸
禺,⿱田禸,禸
离,⿱亠禸,禸
禼,⿱卤禸,禸
禽,⿱人禸,禸
禾,⿱禾？,禾
禿,⿱禾儿,禾
秂,⿱禾人,禾
秀,⿱禾乃,禾
私,⿰禾厶,禾
秃,⿱禾几,禾
秆,⿰禾干,禾
秉,⿱丿？,禾
秋,⿰禾火,禾
种,⿰禾中,禾
科,⿰禾斗,禾
秒,⿰禾少,禾
秕,⿰禾比,禾
秘,⿰禾必,禾
秝,⿰禾禾,禾
租,⿰禾且,禾
秣,⿰禾末,禾
秤,⿰禾平,禾
秦,⿱𡗗禾,禾
秧,⿰禾央,禾
秩,⿰禾失,禾
秫,⿰禾术,禾
秭,⿰禾？,禾
积,⿰禾只,禾
称,⿰禾尔,禾
秸,⿰禾吉,禾
移,⿰禾多,禾
秽,⿰禾岁,禾
稀,⿰禾希,禾
稂,⿰禾良,禾
稃,⿰禾孚,禾
稅,⿰禾兌,禾
稆,⿰禾吕,禾
稈,⿰禾旱,禾
程,⿰禾呈,禾
稍,⿰禾肖,禾
税,⿰禾兑,禾
稔,⿰禾念,禾
稗,⿰禾卑,禾
稙,⿰禾直,禾
稚,⿰禾隹,禾
稜,⿰禾夌,禾
稞,⿰禾果,禾
稟,⿱亠禾,禾
稠,⿰禾周,禾
稣,⿰鱼禾,鱼
稨,⿰禾扁,禾
稭,⿰禾皆,禾
種,⿰禾重,禾
稱,⿰禾爯,禾
稳,⿰禾急,禾
稷,⿰禾畟,禾
稹,⿰禾真,禾
稻,⿰禾舀,禾
稼,⿰禾家,禾
稽,⿰禾？,禾
稿,⿰禾高,禾
穀,⿰？殳,禾
穆,⿰禾㣎,禾
穌,⿰魚禾,禾
積,⿰禾責,禾
穎,⿰？頁,禾
穑,⿰禾啬,禾
穗,⿰禾惠,禾
穡,⿰禾嗇,禾
穢,⿰禾歲,禾
穩,⿰禾㥯,禾
穫,⿰禾蒦,禾
穰,⿰禾襄,禾
穴,⿱穴？,穴
穵,⿱穴乙,穴
究,⿱穴九,穴
穷,⿱穴力,穴
穸,⿱穴夕,穴
穹,⿱穴弓,穴
空,⿱穴工,穴
穿,⿱穴牙,穴
窀,⿱穴屯,穴
突,⿱穴犬,穴
窃,⿱穴切,穴
窄,⿱穴乍,穴
窅,⿱穴目,穴
窆,⿱穴乏,穴
窈,⿱穴幼,穴
窍,⿱穴巧,穴
窑,⿱穴缶,穴
窒,⿱穴至,穴
窕,⿱穴兆,穴
窖,⿱穴告,穴
窗,⿱穴囱,穴
窘,⿱穴君,穴
窜,⿱穴串,穴
窝,⿱穴呙,穴
窟,⿱穴屈,穴
窠,⿱穴果,穴
窣,⿱穴卒,穴
窥,⿱穴规,穴
窦,⿱穴卖,穴
窨,⿱穴音,穴
窩,⿱穴咼,穴
窪,⿱穴洼,穴
窬,⿱穴俞,穴
窭,⿱穴娄,穴
窮,⿱穴躬,穴
窯,⿱穴羔,穴
窳,⿱穴㼌,穴
窸,⿱穴悉,穴
窺,⿱穴規,穴
窾,⿱穴款,穴
窿,⿱穴隆,穴
竄,⿱穴鼠,穴
竅,⿱穴敫,穴
竇,⿱穴賣,穴
竈,⿱穴？,穴
竊,⿱穴？,穴
立,⿱立？,立
竖,⿱立？,立
竘,⿰立句,立
站,⿰立占,立
竞,⿱立兄,立
竟,⿱立？,立
章,⿱立早,立
竣,⿰立夋,立
童,⿱立里,立
竦,⿰立束,立
竭,⿰立曷,立
端,⿰立耑,立
競,⿰竞竞,立
竹,口,竹
竺,⿱⺮二,⺮
竽,⿱⺮于,⺮
竿,⿱⺮干,⺮
笃,⿱⺮马,⺮
笄,⿱⺮开,⺮
笆,⿱⺮巴,⺮
笈,⿱⺮及,⺮
笊,⿱⺮爪,⺮
笋,⿱⺮尹,⺮
笏,⿱⺮勿,⺮
笑,⿱⺮夭,⺮
笔,⿱⺮毛,⺮
笕,⿱⺮见,⺮
笙,⿱⺮生,⺮
笛,⿱⺮由,⺮
笞,⿱⺮台,⺮
笠,⿱⺮立,⺮
笤,⿱⺮召,⺮
笥,⿱⺮司,⺮
符,⿱⺮付,⺮
笨,⿱⺮本,⺮
笪,⿱⺮旦,⺮
笫,⿱⺮？,⺮
第,⿱⺮弟,⺮
笮,⿱⺮乍,⺮
笱,⿱⺮句,⺮
笳,⿱⺮加,⺮
笸,⿱⺮叵,⺮
笺,⿱⺮戋,⺮
笼,⿱⺮龙,⺮
笾,⿱⺮边,⺮
筀,⿱⺮圭,⺮
筅,⿱⺮先,⺮
筆,⿱⺮聿,⺮
筇,⿱⺮邛,⺮
等,⿱⺮寺,⺮
筊,⿱⺮交,⺮
筋,⿱⺮肋,⺮
筌,⿱⺮全,⺮
筍,⿱⺮旬,⺮
筏,⿱⺮伐,⺮
筐,⿱⺮匡,⺮
筑,⿱⺮巩,⺮
筒,⿱⺮同,⺮
答,⿱⺮合,⺮
筕,⿱⺮行,⺮
策,⿱⺮朿,⺮
筘,⿱⺮扣,⺮
筚,⿱⺮毕,⺮
筛,⿱⺮师,⺮
筜,⿱⺮当,⺮
筝,⿱⺮争,⺮
筠,⿱⺮均,⺮
筢,⿱⺮把,⺮
筦,⿱⺮完,⺮
筮,⿱⺮巫,⺮
筱,⿱⺮攸,⺮
筲,⿱⺮肖,⺮
筵,⿱⺮延,⺮
筷,⿱⺮快,⺮
筹,⿱⺮寿,⺮
筻,⿱⺮更,⺮
筼,⿱⺮员,⺮
签,⿱⺮佥,⺮
简,⿱⺮间,⺮
箅,⿱⺮畀,⺮
箋,⿱⺮戔,⺮
箍,⿱⺮㧜,⺮
箏,⿱⺮爭,⺮
箐,⿱⺮青,⺮
箓,⿱⺮录,⺮
箔,⿱⺮泊,⺮
箕,⿱⺮其,⺮
算,⿱⺮具,⺮
箜,⿱⺮空,⺮
箝,⿱⺮拑,⺮
管,⿱⺮官,⺮
箢,⿱⺮宛,⺮
箦,⿱⺮责,⺮
箧,⿱⺮？,⺮
箨,⿱⺮择,⺮
箩,⿱⺮罗,⺮
箪,⿱⺮单,⺮
箫,⿱⺮肃,⺮
箬,⿱⺮若,⺮
箭,⿱⺮前,⺮
箱,⿱⺮相,⺮
箴,⿱⺮咸,⺮
箸,⿱⺮者,⺮
節,⿱⺮即,⺮
篁,⿱⺮皇,⺮
範,⿱⺮？,⺮
篆,⿱⺮彖,⺮
篇,⿱⺮扁,⺮
築,⿱⺮？,⺮
篋,⿱⺮匧,⺮
篌,⿱⺮侯,⺮
篑,⿱⺮贵,⺮
篓,⿱⺮娄,⺮
簍,⿱⺮婁,⺮
篔,⿱⺮員,⺮
篙,⿱⺮高,⺮
篚,⿱⺮匪,⺮
篝,⿱⺮冓,⺮
篡,⿱⺮厶,厶
篤,⿱⺮馬,⺮
篥,⿱⺮栗,⺮
篦,⿱⺮比,⺮
篩,⿱⺮師,⺮
篪,⿱⺮虒,⺮
篮,⿱⺮监,⺮
篱,⿱⺮离,⺮
篳,⿱⺮畢,⺮
篷,⿱⺮逢,⺮
篹,⿱⺮？,⺮
篼,⿱⺮兜,⺮
篾,⿱⺮？,⺮
簇,⿱⺮族,⺮
簉,⿱⺮造,⺮
簋,⿱⺮？,⺮
簌,⿱⺮欶,⺮
簏,⿱⺮鹿,⺮
簖,⿱⺮断,⺮
簞,⿱⺮單,⺮
簟,⿱⺮覃,⺮
簡,⿱⺮間,⺮
簣,⿱⺮貴,⺮
簦,⿱⺮登,⺮
簧,⿱⺮黄,⺮
簪,⿱⺮朁,⺮
簫,⿱⺮肅,⺮
簷,⿱⺮詹,⺮
簸,⿱⺮？,⺮
簹,⿱⺮當,⺮
簽,⿱⺮僉,⺮
簾,⿱⺮廉,⺮
簿,⿱⺮溥,⺮
籀,⿱⺮？,⺮
籁,⿱⺮赖,⺮
籃,⿱⺮監,⺮
籌,⿱⺮壽,⺮
籍,⿱⺮耤,⺮
籑,⿱⺮？,⺮
籙,⿱⺮録,⺮
籟,⿱⺮賴,⺮
籠,⿱⺮龍,⺮
籤,⿱⺮韱,⺮
籬,⿱⺮離,⺮
籮,⿱⺮羅,⺮
籲,⿱⺮龥,⺮
米,口,米
籴,⿱入米,米
类,⿱米大,大
籼,⿰米山,米
籽,⿰米子,米
粉,⿰米分,米
粑,⿰米巴,米
粒,⿰米立,米
粕,⿰米白,米
粗,⿰米且,米
粘,⿰米占,米
粜,⿱出米,米
粝,⿰米厉,米
粞,⿰米西,米
粟,⿱覀米,米
粢,⿱次米,米
粤,⿱？亏,米
粥,⿰弓米,米
粦,⿱米舛,米
粪,⿱米共,米
粮,⿰米良,米
粱,⿱？米,米
粲,⿱？米,米
粳,⿰米更,米
粵,⿱？丂,米
粹,⿰米卒,米
粼,⿰粦巛,米
粽,⿰米宗,米
精,⿰米青,米
糁,⿰米参,米
糅,⿰米柔,米
糇,⿰米侯,米
糈,⿰米胥,米
糊,⿰米胡,米
糌,⿰米昝,米
糍,⿰米兹,米
糕,⿰米羔,米
糖,⿰米唐,米
糗,⿰米臭,米
糙,⿰米造,米
糜,⿱麻米,米
糞,⿱米異,米
糟,⿰米曹,米
糠,⿰米康,米
糢,⿰米莫,米
糧,⿰米量,米
糨,⿰米强,米
糬,⿰米署,米
糯,⿰米需,米
糰,⿰米團,米
糲,⿰米厲,米
糸,⿱?糸,糸
糹,⿰糹?,糹
系,⿱丿糸,糸
糾,⿰糹丩,糹
紀,⿰糹己,糹
紂,⿰糹寸,糹
約,⿰糹勺,糹
紅,⿰糹工,糹
紆,⿰糹于,糹
紇,⿰糹乞,糹
紈,⿰糹丸,糹
紉,⿰糹刃,糹
紊,⿱文糸,糸
紋,⿰糹文,糹
納,⿰糹内,糹
紐,⿰糹丑,糹
紓,⿰糹予,糹
純,⿰糹屯,糹
紕,⿰糹比,糹
紗,⿰糹少,糹
紙,⿰糹氏,糹
級,⿰糹及,糹
紛,⿰糹分,糹
紜,⿰糹云,糹
素,⿱龶糸,糸
紡,⿰糹方,糹
索,⿱？糸,糸
紥,⿱扎糸,糸
紧,⿱？糸,糸
紫,⿱此糸,糸
紮,⿱札糸,糸
累,⿱田糸,糸
細,⿰糹田,糹
紳,⿰糹申,糹
紹,⿰糹召,糹
紺,⿰糹甘,糹
紼,⿰糹弗,糹
絀,⿰糹出,糹
終,⿰糹冬,糹
組,⿰糹且,糹
絆,⿰糹半,糹
絎,⿰糹行,糹
結,⿰糹吉,糹
絓,⿰糹圭,糹
絕,⿰糹？,糹
絘,⿰糹次,糹
絛,⿰亻？,糸
絜,⿱㓞糸,糸
絞,⿰糹交,糹
絡,⿰糹各,糹
絢,⿰糹旬,糹
給,⿰糹合,糹
絨,⿰糹戎,糹
絮,⿱如糸,糸
統,⿰糹充,糹
絲,⿰糹糸,糹
絳,⿰糹夅,糹
絷,⿱执糸,糸
絹,⿰糹肙,糹
絻,⿰糹免,糹
綁,⿰糹邦,糹
綏,⿰糹妥,糹
經,⿰糹巠,糹
綜,⿰糹宗,糹
綠,⿰糹彔,糹
綢,⿰糹周,糹
綣,⿰糹卷,糹
綦,⿱其糸,糸
綬,⿰糹受,糹
維,⿰糹隹,糹
綮,⿱？糸,糸
綱,⿰糹岡,糹
網,⿰糹罔,糹
綴,⿰糹叕,糹
綵,⿰糹采,糹
綷,⿰糹卒,糹
綸,⿰糹侖,糹
綹,⿰糹咎,糹
綺,⿰糹奇,糹
綻,⿰糹定,糹
綽,⿰糹卓,糹
綿,⿰糹帛,糹
緄,⿰糹昆,糹
緊,⿱臤糸,糸
緋,⿰糹非,糹
緒,⿰糹者,糹
緘,⿰糹咸,糹
線,⿰糹泉,糹
緝,⿰糹咠,糹
緞,⿰糹段,糹
締,⿰糹帝,糹
緣,⿰糹彖,糹
編,⿰糹扁,糹
緩,⿰糹爰,糹
緬,⿰糹面,糹
緯,⿰糹韋,糹
緲,⿰糹眇,糹
練,⿰糹柬,糹
緻,⿰糹致,糹
縈,⿱？糸,糸
縉,⿰糹晋,糹
縊,⿰糹益,糹
縕,⿰糹？,糹
縛,⿰糹尃,糹
縞,⿰糹高,糹
縟,⿰糹辱,糹
縣,⿰県糸,糸
縧,⿰糹條,糹
縩,⿰糹祭,糹
縫,⿰糹逢,糹
縭,⿰糹离,糹
縮,⿰糹宿,糹
縱,⿰糹從,糹
縴,⿰糹牽,糹
縵,⿰糹曼,糹
縷,⿰糹婁,糹
縹,⿰糹票,糹
縻,⿱麻糸,糸
總,⿰糹悤,糹
績,⿰糹責,糹
繁,⿱敏糸,糸
繃,⿰糹崩,糹
繆,⿰糹翏,糹
繇,⿰䍃系,糸
繒,⿰糹曾,糹
織,⿰糹戠,糹
繕,⿰糹善,糹
繚,⿰糹尞,糹
繞,⿰糹堯,糹
繡,⿰糹肅,糹
繩,⿰糹黽,糹
繪,⿰糹會,糹
繫,⿱毄糸,糸
繭,⿱艹？,糹
繯,⿰糹睘,糹
繰,⿰糹喿,糹
繳,⿰糹敫,糹
繹,⿰糹睪,糹
繼,⿰糹㡭,糹
繽,⿰糹賓,糹
繾,⿰糹遣,糹
纂,⿱算糸,糸
纈,⿰糹頡,糹
續,⿰糹賣,糹
纍,⿱畾糸,糸
纏,⿰糹廛,糹
纓,⿰糹嬰,糹
纔,⿰糹毚,糹
纖,⿰糹韱,糹
纛,⿱毒縣,糸
纜,⿰糹覽,糹
纟,⿰纟？,纟
纠,⿰纟丩,纟
纡,⿰纟于,纟
红,⿰纟工,纟
纣,⿰纟寸,纟
纤,⿰纟千,纟
纥,⿰纟乞,纟
约,⿰纟勺,纟
级,⿰纟及,纟
纨,⿰纟丸,纟
纩,⿰纟广,纟
纪,⿰纟己,纟
纫,⿰纟刃,纟
纬,⿰纟韦,纟
纭,⿰纟云,纟
纯,⿰纟屯,纟
纰,⿰纟比,纟
纱,⿰纟少,纟
纲,⿰纟冈,纟
纳,⿰纟内,纟
纴,⿰纟壬,纟
纵,⿰纟从,纟
纶,⿰纟仑,纟
纷,⿰纟分,纟
纸,⿰纟氏,纟
纹,⿰纟文,纟
纺,⿰纟方,纟
纽,⿰纟丑,纟
纾,⿰纟予,纟
线,⿰纟戋,纟
绀,⿰纟甘,纟
绁,⿰纟世,纟
绂,⿰纟犮,纟
练,⿰纟柬,纟
组,⿰纟且,纟
绅,⿰纟申,纟
细,⿰纟田,纟
织,⿰纟只,纟
终,⿰纟冬,纟
绉,⿰纟刍,纟
绊,⿰纟半,纟
绋,⿰纟弗,纟
绌,⿰纟出,纟
绍,⿰纟召,纟
绎,⿰纟？,纟
经,⿰纟巠,纟
绐,⿰纟台,纟
绑,⿰纟邦,纟
绒,⿰纟戎,纟
结,⿰纟吉,纟
绔,⿰纟夸,纟
绕,⿰纟尧,纟
绗,⿰纟行,纟
绘,⿰纟会,纟
给,⿰纟合,纟
绚,⿰纟旬,纟
绛,⿰纟夅,纟
络,⿰纟各,纟
绝,⿰纟色,纟
绞,⿰纟交,纟
统,⿰纟充,纟
绠,⿰纟更,纟
绡,⿰纟肖,纟
绢,⿰纟肙,纟
绣,⿰纟秀,纟
绥,⿰纟妥,纟
绦,⿰纟条,纟
继,⿰纟？,纟
绨,⿰纟弟,纟
绩,⿰纟责,纟
绪,⿰纟者,纟
绫,⿰纟夌,纟
续,⿰纟卖,纟
绮,⿰纟奇,纟
绯,⿰纟非,纟
绰,⿰纟卓,纟
绱,⿰纟尚,纟
绲,⿰纟昆,纟
绳,⿰纟黾,纟
维,⿰纟隹,纟
绵,⿰纟帛,纟
绶,⿰纟受,纟
绷,⿰纟朋,纟
绸,⿰纟周,纟
绺,⿰纟咎,纟
绻,⿰纟卷,纟
综,⿰纟宗,纟
绽,⿰纟定,纟
绾,⿰纟官,纟
绿,⿰纟录,纟
缀,⿰纟叕,纟
缁,⿰纟甾,纟
缂,⿰纟革,纟
缃,⿰纟相,纟
缄,⿰纟咸,纟
缅,⿰纟面,纟
缆,⿰纟览,纟
缇,⿰纟是,纟
缈,⿰纟眇,纟
缉,⿰纟咠,纟
缊,⿰纟昷,纟
缋,⿰纟贵,纟
缌,⿰纟思,纟
缍,⿰纟垂,纟
缎,⿰纟段,纟
缏,⿰纟便,纟
缑,⿰纟侯,纟
缒,⿰纟追,纟
缓,⿰纟爰,纟
缔,⿰纟帝,纟
缕,⿰纟娄,纟
编,⿰纟扁,纟
缗,⿰纟昬,纟
缘,⿰纟彖,纟
缙,⿰纟晋,纟
缚,⿰纟尃,纟
缛,⿰纟辱,纟
缜,⿰纟真,纟
缝,⿰纟逢,纟
缟,⿰纟高,纟
缠,⿰纟㢆,纟
缡,⿰纟离,纟
缢,⿰纟益,纟
缣,⿰纟兼,纟
缤,⿰纟宾,纟
缥,⿰纟票,纟
缦,⿰纟曼,纟
缧,⿰纟累,纟
缨,⿰纟婴,纟
缩,⿰纟宿,纟
缪,⿰纟翏,纟
缫,⿰纟巢,纟
缬,⿰纟颉,纟
缭,⿰纟尞,纟
缮,⿰纟善,纟
缯,⿰纟曾,纟
缰,⿰纟畺,纟
缱,⿰纟遣,纟
缲,⿰纟喿,纟
缳,⿰纟睘,纟
缴,⿰纟敫,纟
缵,⿰纟赞,纟
缶,口,缶
缸,⿰缶工,缶
缺,⿰缶夬,缶
缽,⿰缶本,缶
罂,⿱？缶,缶
罄,⿱殸缶,缶
罅,⿰缶虖,缶
罈,⿰缶覃,缶
罌,⿱賏缶,缶
罐,⿰缶雚,缶
网,⿵冂？,网
罒,⿱罒?,罒
罓,X,罓
罔,⿵冂？,⺳
罕,⿱冖干,⺳
罗,⿱罒夕,罒
罘,⿱罒不,罒
罙,⿱冖木,⺳
罚,⿱罒？,罒
罟,⿱罒古,罒
罡,⿱罒正,罒
罢,⿱罒去,罒
罨,⿱罒奄,罒
罩,⿱罒卓,罒
罪,⿱罒非,罒
置,⿱罒直,罒
罰,⿱罒？,罒
罱,⿱罒南,罒
署,⿱罒者,罒
罴,⿱罢灬,罒
罵,⿱罒馬,罒
罷,⿱罒能,罒
罹,⿱罒惟,罒
罾,⿱罒曾,罒
羁,⿱罒？,罒
羅,⿱罒維,罒
羆,⿱罒熊,罒
羈,⿱罒？,罒
羊,口,羊
羋,口,羋
羌,⿱羊儿,羊
羏,⿰羊？,羊
羒,⿰羊分,羊
羓,⿰羊巴,羊
羖,⿰羊？,羊
䍩,⿰羊？,羊
䍨,⿰羊市,羊
羍,⿱大羊,羊
美,⿱羊大,羊
羔,⿱羊灬,羊
羕,⿱羊永,羊
羜,⿰羊宁,羊
羚,⿰羊令,羊
羝,⿰羊氐,羊
羞,⿱羊丑,羊
羟,⿰羊巠,羊
羡,⿱羊次,羊
群,⿰君羊,羊
羥,⿰羊巠,羊
羧,⿰羊夋,羊
羨,⿱羊㳄,羊
義,⿱羊我,羊
羯,⿰羊曷,羊
羰,⿰羊炭,羊
羲,⿱羊？,羊
羴,⿱羊？,羊
羸,⿱吂？,羊
羹,⿱羊美,羊
羼,⿸尸羴,羊
羽,⿱羽?,羽
羿,⿱羽廾,羽
翁,⿱公羽,羽
翅,⿰支羽,羽
翊,⿰立羽,羽
翌,⿱羽立,羽
䍿,⿱羽王,羽
翎,⿰令羽,羽
翏,⿱羽?,羽
習,⿱羽白,羽
翔,⿰羊羽,羽
翕,⿱人羽,羽
翘,⿰尧羽,羽
翟,⿱羽隹,羽
翠,⿱羽卒,羽
䎆,⿱羽令,羽
翡,⿱非羽,羽
翥,⿱者羽,羽
翦,⿱前羽,羽
翩,⿰扁羽,羽
翮,⿰鬲羽,羽
翰,⿰倝羽,羽
翱,⿰皋羽,羽
翳,⿱殹羽,羽
翹,⿰堯羽,羽
翻,⿰番羽,羽
翼,⿱羽異,羽
耀,⿰光翟,羽
老,口,老
耂,⿸耂？,耂
考,口,耂
耄,⿱老毛,老
䎜,⿰老老,老
䎝,⿱老羽,老
者,⿱耂日,耂
耆,⿱老日,老
耋,⿱老至,老
而,口,而
耍,⿱而女,而
耐,⿰而寸,而
耑,⿱山而,而
耒,⿰耒?,耒
耔,⿰耒子,耒
耕,⿰耒井,耒
耖,⿰耒少,耒
耗,⿰耒毛,耒
耘,⿰耒云,耒
耙,⿰耒巴,耒
耜,⿰耒㠯,耒
耠,⿰耒合,耒
耢,⿰耒劳,耒
耤,⿰耒昔,耒
耥,⿰耒尚,耒
耦,⿰耒禺,耒
耧,⿰耒娄,耒
耨,⿰耒辱,耒
耩,⿰耒冓,耒
耪,⿰耒旁,耒
耱,⿰耒磨,耒
耳,⿱？耳,耳
耴,⿰耳乚,耳
耵,⿰耳丁,耳
耶,⿰耳阝,耳
耷,⿱大耳,耳
耸,⿱从耳,耳
耻,⿰耳止,耳
耽,⿰耳冘,耳
耿,⿰耳火,耳
聂,⿱耳双,耳
聃,⿰耳冉,耳
聆,⿰耳令,耳
聊,⿰耳卯,耳
聋,⿱龙耳,耳
职,⿰耳只,耳
聍,⿰耳宁,耳
聒,⿰耳舌,耳
联,⿰耳关,耳
聖,⿱？王,耳
聘,⿰耳甹,耳
聚,⿱取乑,耳
聞,⿵門耳,耳
聩,⿰耳贵,耳
聪,⿰耳总,耳
聯,⿰耳絲,耳
聰,⿰耳悤,耳
聱,⿱敖耳,耳
聲,⿱殸耳,耳
聳,⿱從耳,耳
聵,⿰耳貴,耳
聶,品耳,耳
職,⿰耳戠,耳
聽,⿰耳？,耳
聾,⿱龍耳,耳
聿,⿱肀二,聿
肀,⿱肀？,肀
肃,⿱肀？,肀
肄,⿰？聿,聿
肅,⿻肀？,肀
肆,⿰镸聿,聿
肇,⿱？聿,聿
肉,口,肉
肋,⿰⺼力,⺼
肌,⿰⺼几,⺼
肓,⿱亡⺼,⺼
肖,⿱⺌⺼,⺼
肘,⿰⺼寸,⺼
肙,⿱口⺼,⺼
肚,⿰⺼土,⺼
肛,⿰⺼工,⺼
肜,⿰⺼彡,⺼
肝,⿰⺼干,⺼
肟,⿰⺼亏,⺼
肠,⿰⺼昜,⺼
股,⿰⺼殳,⺼
肢,⿰⺼支,⺼
肤,⿰⺼夫,⺼
肥,⿰⺼巴,⺼
肩,⿸户⺼,⺼
肪,⿰⺼方,⺼
肫,⿰⺼屯,⺼
肭,⿰⺼内,⺼
肮,⿰⺼亢,⺼
肯,⿱止⺼,⺼
肰,⿰⺼犬,⺼
肱,⿰⺼厷,⺼
育,⿱？⺼,⺼
肴,⿱乂⺼,⺼
肷,⿰⺼欠,⺼
肺,⿰⺼巿,⺼
肼,⿰⺼井,⺼
肽,⿰⺼太,⺼
肾,⿱？⺼,⺼
肿,⿰⺼中,⺼
胀,⿰⺼长,⺼
胁,⿰⺼办,⺼
胂,⿰⺼申,⺼
胃,⿱田⺼,⺼
胄,⿱由⺼,⺼
胆,⿰⺼旦,⺼
背,⿱北⺼,⺼
胍,⿰⺼瓜,⺼
胎,⿰⺼台,⺼
胖,⿰⺼半,⺼
胗,⿰⺼㐱,⺼
胙,⿰⺼乍,⺼
胚,⿰⺼丕,⺼
胛,⿰⺼甲,⺼
胜,⿰⺼生,⺼
胝,⿰⺼氐,⺼
胞,⿰⺼包,⺼
胠,⿰⺼去,⺼
䏼,⿰⺼戔,⺼
胡,⿰古⺼,⺼
胤,口,⺼
胥,⿱疋⺼,⺼
胧,⿰⺼龙,月
胨,⿰⺼东,⺼
胩,⿰⺼卡,⺼
胪,⿰⺼卢,⺼
胫,⿰⺼巠,⺼
胬,⿱奴肉,肉
胭,⿰⺼因,⺼
胯,⿰⺼夸,⺼
胰,⿰⺼夷,⺼
胱,⿰⺼光,⺼
胲,⿰⺼亥,⺼
胳,⿰⺼各,⺼
胴,⿰⺼同,⺼
胶,⿰⺼交,⺼
胸,⿰⺼匈,⺼
胺,⿰⺼安,⺼
胼,⿰⺼并,⺼
能,⿰⺼？,⺼
脂,⿰⺼旨,⺼
脅,⿱劦⺼,⺼
脆,⿰⺼危,⺼
脈,⿰⺼永,⺼
脉,⿰⺼永,⺼
脊,⿱？⺼,⺼
脍,⿰⺼会,⺼
脎,⿰⺼杀,⺼
脏,⿰⺼庄,⺼
脐,⿰⺼齐,⺼
脑,⿰⺼？,⺼
脒,⿰⺼米,⺼
脓,⿰⺼农,⺼
脔,⿱亦肉,肉
脖,⿰⺼孛,⺼
脘,⿰⺼完,⺼
脚,⿰⺼却,⺼
脛,⿰⺼巠,⺼
脞,⿰⺼坐,⺼
脢,⿰⺼每,⺼
脣,⿱辰⺼,⺼
脩,⿰亻？,⺼
脫,⿰⺼兌,⺼
脬,⿰⺼孚,⺼
脯,⿰⺼甫,⺼
脱,⿰⺼兑,⺼
脲,⿰⺼尿,⺼
脶,⿰⺼呙,⺼
脷,⿰⺼利,⺼
脸,⿰⺼佥,⺼
脹,⿰⺼長,⺼
脾,⿰⺼卑,⺼
腆,⿰⺼典,⺼
腈,⿰⺼青,⺼
腊,⿰⺼昔,⺼
腋,⿰⺼夜,⺼
腌,⿰⺼奄,⺼
腎,⿱臤⺼,⺼
腐,⿸广肉,肉
腑,⿰⺼府,⺼
腓,⿰⺼非,⺼
腔,⿰⺼空,⺼
腕,⿰⺼宛,⺼
腖,⿰⺼東,⺼
腙,⿰⺼宗,⺼
腚,⿰⺼定,⺼
腠,⿰⺼奏,⺼
腥,⿰⺼星,⺼
腦,⿰⺼？,⺼
腧,⿰⺼俞,⺼
腩,⿰⺼南,⺼
腫,⿰⺼重,⺼
腭,⿰⺼咢,⺼
腮,⿰⺼思,⺼
腰,⿰⺼要,⺼
腱,⿰⺼建,⺼
腳,⿰⺼卻,⺼
腴,⿰⺼臾,⺼
腸,⿰⺼昜,⺼
腹,⿰⺼复,⺼
腺,⿰⺼泉,⺼
腻,⿰⺼贰,⺼
腼,⿰⺼面,⺼
腽,⿰⺼昷,⺼
腾,⿰⺼？,⺼
腿,⿰⺼退,⺼
膀,⿰⺼旁,⺼
膂,⿱旅⺼,⺼
膃,⿰⺼？,⺼
膈,⿰⺼鬲,⺼
膊,⿰⺼尃,⺼
膏,⿱高⺼,⺼
膑,⿰⺼宾,⺼
膕,⿰⺼國,⺼
膘,⿰⺼票,⺼
膚,⿸虍胃,⺼
膛,⿰⺼堂,⺼
膜,⿰⺼莫,⺼
膝,⿰⺼桼,⺼
膠,⿰⺼翏,⺼
膣,⿰⺼窒,⺼
膦,⿰⺼粦,⺼
膨,⿰⺼彭,⺼
膩,⿰⺼貳,⺼
膪,⿰⺼啻,⺼
膫,⿰⺼尞,⺼
膲,⿰⺼焦,⺼
膳,⿰⺼善,⺼
膺,⿱？⺼,⺼
膻,⿰⺼亶,⺼
膽,⿰⺼詹,⺼
膾,⿰⺼會,⺼
膿,⿰⺼農,⺼
臀,⿱殿⺼,⺼
臁,⿰⺼廉,⺼
臂,⿱辟⺼,⺼
臃,⿰⺼雍,⺼
臆,⿰⺼意,⺼
臉,⿰⺼僉,⺼
臊,⿰⺼喿,⺼
臌,⿰⺼鼓,⺼
臍,⿰⺼齊,⺼
臘,⿰⺼巤,⺼
臚,⿰⺼盧,⺼
臜,⿰⺼赞,⺼
臟,⿰⺼藏,⺼
臠,⿱䜌肉,肉
臢,⿰⺼贊,⺼
臣,口,臣
臤,⿰臣又,臣
臥,⿰臣人,臣
臧,⿵戕臣,臣
臨,⿰臣？,臣
自,口,自
臬,⿱自木,自
臭,⿱自犬,自
臱,⿱自方,自
臲,⿰臬危,自
至,⿱？土,至
致,⿰至攵,至
臺,⿱吉土,至
臻,⿰至秦,至
臼,⿱臼?,臼
臽,⿱⺈臼,臼
臾,⿱臼人,臼
臿,⿱千臼,臼
舀,⿱爫臼,臼
舁,⿱臼廾,臼
舂,⿱𡗗臼,臼
舄,⿱臼？,臼
舅,⿱臼男,臼
舆,⿱臼八,车
與,⿱臼八,臼
興,⿱臼八,臼
舉,⿱臼?,臼
舊,⿱艹臼,臼
舋,⿱臼且,臼
舌,⿱丿古,舌
舍,⿱人舌,舌
舐,⿰舌氏,舌
舒,⿰舍予,舌
舔,⿰舌忝,舌
舖,⿰舍甫,舌
舛,⿱？舛,舛
舜,⿱爫舛,舛
舞,⿱無舛,舛
舟,⿰舟？,舟
舡,⿰舟工,舟
舢,⿰舟山,舟
舣,⿰舟义,舟
舨,⿰舟反,舟
航,⿰舟亢,舟
舫,⿰舟方,舟
般,⿰舟殳,舟
舭,⿰舟比,舟
舯,⿰舟中,舟
舰,⿰舟见,舟
舱,⿰舟仓,舟
舲,⿰舟令,舟
舳,⿰舟由,舟
舴,⿰舟乍,舟
舵,⿰舟它,舟
舶,⿰舟白,舟
舷,⿰舟玄,舟
舸,⿰舟可,舟
船,⿰舟？,舟
舻,⿰舟卢,舟
舾,⿰舟西,舟
艄,⿰舟肖,舟
艅,⿰舟余,舟
艇,⿰舟廷,舟
艉,⿰舟尾,舟
艋,⿰舟孟,舟
艎,⿰舟皇,舟
艏,⿰舟首,舟
艘,⿰舟叟,舟
艙,⿰舟倉,舟
艚,⿰舟曹,舟
艟,⿰舟童,舟
艦,⿰舟監,舟
艨,⿰舟蒙,舟
艮,⿱日衣,艮
良,⿱白衣,艮
艰,⿰又艮,艮
艱,⿰堇艮,艮
色,⿱⺈巴,色
艳,⿰丰色,色
艴,⿰弗色,色
艷,⿰豐色,色
艸,X,艸
艹,⿱艹？,艹
艺,⿱艹乙,艹
艻,⿱艹力,艹
艽,⿱艹九,艹
艾,⿱艹乂,艹
艿,⿱艹乃,艹
节,⿱艹？,艹
芄,⿱艹丸,艹
芈,⿻羋？,羋
芊,⿱艹千,艹
芋,⿱艹于,艹
芍,⿱艹勺,艹
芎,⿱艹弓,艹
芏,⿱艹土,艹
芑,⿱艹己,艹
芒,⿱艹亡,艹
芗,⿱艹乡,艹
芘,⿱艹比,艹
芙,⿱艹夫,艹
芜,⿱艹无,艹
芝,⿱艹之,艹
芟,⿱艹殳,艹
芡,⿱艹欠,艹
芤,⿱艹孔,艹
芥,⿱艹介,艹
芦,⿱艹户,艹
芨,⿱艹及,艹
芩,⿱艹今,艹
芪,⿱艹氏,艹
芫,⿱艹元,艹
芬,⿱艹分,艹
芭,⿱艹巴,艹
芮,⿱艹内,艹
芯,⿱艹心,艹
芰,⿱艹支,艹
花,⿱艹化,艹
芳,⿱艹方,艹
芴,⿱艹勿,艹
芷,⿱艹止,艹
芸,⿱艹云,艹
芹,⿱艹斤,艹
芻,⿱,艸
芽,⿱艹牙,艹
芾,⿱艹巿,艹
苁,⿱艹从,艹
苄,⿱艹卞,艹
苇,⿱艹韦,艹
苈,⿱艹历,艹
苊,⿱艹厄,艹
苋,⿱艹见,艹
苌,⿱艹长,艹
苍,⿱艹仓,艹
苎,⿱艹？,艹
苏,⿱艹办,艹
苑,⿱艹夗,艹
苒,⿱艹冉,艹
苓,⿱艹令,艹
苔,⿱艹台,艹
苕,⿱艹召,艹
苗,⿱艹田,艹
苘,⿱艹冋,艹
苛,⿱艹可,艹
苜,⿱艹目,艹
苞,⿱艹包,艹
苟,⿱艹句,艹
苠,⿱艹民,艹
苡,⿱艹以,艹
苣,⿱艹巨,艹
苤,⿱艹丕,艹
若,⿱艹右,艹
苦,⿱艹古,艹
苧,⿱艹宁,艹
苫,⿱艹占,艹
苯,⿱艹本,艹
英,⿱艹央,艹
苲,⿱艹乍,艹
苴,⿱艹且,艹
苷,⿱艹甘,艹
苹,⿱艹平,艹
苻,⿱艹付,艹
茀,⿱艹弗,艹
茁,⿱艹出,艹
茂,⿱艹戊,艹
范,⿱艹氾,艹
茄,⿱艹加,艹
茅,⿱艹矛,艹
茆,⿱艹卯,艹
茇,⿱艹犮,艹
茈,⿱艹此,艹
茉,⿱艹末,艹
茌,⿱艹仕,艹
茎,⿱艹巠,艹
茏,⿱艹龙,艹
茑,⿱艹鸟,艹
茔,⿱艹土,艹
茕,⿱艹？,艹
茗,⿱艹名,艹
茚,⿱艹印,艹
茛,⿱艹艮,艹
茜,⿱艹西,艹
茧,⿱艹虫,艹
茨,⿱艹次,艹
茫,⿱艹汒,艹
茬,⿱艹在,艹
茭,⿱艹交,艹
茯,⿱艹伏,艹
茱,⿱艹朱,艹
茲,⿱艹？,艹
茳,⿱艹江,艹
茴,⿱艹回,艹
茵,⿱艹因,艹
茶,⿱艹？,艹
茸,⿱艹耳,艹
茹,⿱艹如,艹
茺,⿱艹充,艹
茼,⿱艹同,艹
荀,⿱艹旬,艹
荃,⿱艹全,艹
荅,⿱艹合,艹
荆,⿰？刂,刂
荇,⿱艹行,艹
草,⿱艹早,艹
荊,⿱艹刑,艹
荏,⿱艹任,艹
荐,⿱艹存,艹
荑,⿱艹夷,艹
荒,⿱艹？,艹
荔,⿱艹劦,艹
荚,⿱艹夹,艹
荛,⿱艹尧,艹
荜,⿱艹毕,艹
荞,⿱艹乔,艹
荟,⿱艹会,艹
荠,⿱艹齐,艹
荡,⿱艹汤,艹
荣,⿱艹？,艹
荤,⿱艹军,艹
荥,⿱艹水,艹
荦,⿱艹？,牛
荧,⿱艹？,艹
荨,⿱艹寻,艹
荩,⿱艹尽,艹
荪,⿱艹孙,艹
荫,⿱艹阴,艹
荬,⿱艹买,艹
荭,⿱艹红,艹
荮,⿱艹纣,艹
药,⿱艹约,艹
荷,⿱艹何,艹
荸,⿱艹孛,艹
荻,⿱艹狄,艹
荼,⿱艹余,艹
荽,⿱艹妥,艹
莅,⿱艹位,艹
莆,⿱艹甫,艹
莉,⿱艹利,艹
莊,⿱艹壯,艹
莎,⿱艹沙,艹
莒,⿱艹吕,艹
莓,⿱艹每,艹
莖,⿱艹巠,艹
莘,⿱艹辛,艹
莛,⿱艹廷,艹
莜,⿱艹攸,艹
莞,⿱艹完,艹
莠,⿱艹秀,艹
莢,⿱艹夾,艹
莧,⿱艹見,艹
莨,⿱艹良,艹
莩,⿱艹孚,艹
莪,⿱艹我,艹
莫,⿱艹旲,艹
莰,⿱艹坎,艹
莱,⿱艹来,艹
莲,⿱艹连,艹
莳,⿱艹时,艹
莴,⿱艹呙,艹
莶,⿱艹佥,艹
获,⿱艹犾,艹
莸,⿱艹犹,艹
莹,⿱艹玉,艹
莺,⿱艹鸟,艹
莼,⿱艹纯,艹
菚,⿱艹戔,艹
莽,⿱艹？,艹
莿,⿱艹刺,艹
菀,⿱艹宛,艹
菁,⿱艹青,艹
菅,⿱艹官,艹
菇,⿱艹姑,艹
菊,⿱艹匊,艹
菌,⿱艹囷,艹
菏,⿱艹河,艹
菐,⿱业美,艹
菔,⿱艹服,艹
菖,⿱艹昌,艹
菘,⿱艹松,艹
菜,⿱艹采,艹
菝,⿱艹拔,艹
菟,⿱艹兔,艹
菠,⿱艹波,艹
菡,⿱艹函,艹
菥,⿱艹析,艹
菩,⿱艹咅,艹
菪,⿱艹宕,艹
華,⿱艹？,艹
菰,⿱艹孤,艹
菱,⿱艹夌,艹
菲,⿱艹非,艹
菸,⿱艹於,艹
菹,⿱艹沮,艹
菽,⿱艹叔,艹
萁,⿱艹其,艹
萃,⿱艹卒,艹
萄,⿱艹匋,艹
萆,⿱艹卑,艹
萊,⿱艹來,艹
萋,⿱艹妻,艹
萌,⿱艹明,艹
萍,⿱艹泙,艹
萎,⿱艹委,艹
萏,⿱艹臽,艹
萑,⿱艹隹,艹
萘,⿱艹奈,艹
萜,⿱艹帖,艹
萝,⿱艹罗,艹
萠,⿱艹朋,艹
萤,⿱艹？,艹
营,⿱艹？,艹
萦,⿱艹糸,艹
萧,⿱艹肃,艹
萨,⿱艹？,艹
萬,⿱艹禺,艹
萱,⿱艹宣,艹
萸,⿱艹臾,艹
萼,⿱艹咢,艹
落,⿱艹洛,艹
葄,⿱艹胙,艹
葆,⿱艹保,艹
葉,⿱艹枼,艹
葑,⿱艹封,艹
著,⿱艹者,艹
葙,⿱艹相,艹
葚,⿱艹甚,艹
葛,⿱艹曷,艹
葜,⿱艹契,艹
葡,⿱艹匍,艹
董,⿱艹重,艹
葦,⿱艹韋,艹
葩,⿱艹皅,艹
葫,⿱艹胡,艹
葬,⿱艹？,艹
葭,⿱艹叚,艹
葱,⿱艹怱,艹
葳,⿱艹威,艹
葵,⿱艹癸,艹
葶,⿱艹亭,艹
葷,⿱艹軍,艹
葸,⿱艹思,艹
葺,⿱艹咠,艹
蒂,⿱艹帝,艹
蒇,⿱艹？,艹
蒈,⿱艹皆,艹
蒉,⿱艹贵,艹
蒋,⿱艹将,艹
蒌,⿱艹娄,艹
蒎,⿱艹派,艹
蒐,⿱艹鬼,艹
蒓,⿱艹純,艹
蒔,⿱艹時,艹
蒗,⿱艹浪,艹
蒙,⿱艹冡,艹
蒜,⿱艹祘,艹
蒞,⿱艹涖,艹
蒟,⿱艹竘,艹
蒡,⿱艹旁,艹
蒦,⿱艹隻,艹
蒭,⿱艹芻,艹
蒯,⿰艹刂,艹
蒲,⿱艹浦,艹
蒴,⿱艹朔,艹
蒸,⿱艹烝,艹
蒹,⿱艹兼,艹
蒺,⿱艹疾,艹
蒻,⿱艹弱,艹
蒼,⿱艹倉,艹
蒽,⿱艹恩,艹
蒿,⿱艹高,艹
蓁,⿱艹秦,艹
蓂,⿱艹冥,艹
蓄,⿱艹畜,艹
蓉,⿱艹容,艹
蓊,⿱艹翁,艹
蓋,⿱艹盍,艹
蓍,⿱艹耆,艹
蓐,⿱艹辱,艹
蓑,⿱艹衰,艹
蓓,⿱艹倍,艹
蓔,⿱艹羔,艹
蓖,⿱艹比,艹
蓝,⿱艹监,艹
蓟,⿱艹？,艹
蓠,⿱艹离,艹
蓣,⿱艹预,艹
蓥,⿱艹金,艹
蓦,⿱艹马,马
蓬,⿱艹逢,艹
蓮,⿱艹連,艹
蓰,⿱艹徙,艹
蓴,⿱艹專,艹
蓼,⿱艹翏,艹
蓽,⿱艹畢,艹
蓿,⿱艹宿,艹
蔌,⿱艹欶,艹
蔑,⿱艹？,艹
蔓,⿱艹曼,艹
蔔,⿱艹匐,艹
蔗,⿱艹庶,艹
蔚,⿱艹尉,艹
蔟,⿱艹族,艹
蔡,⿱艹祭,艹
蔣,⿱艹將,艹
蔥,⿱艹悤,艹
蔫,⿱艹焉,艹
蔬,⿱艹疏,艹
蔭,⿱艹陰,艹
蔷,⿱艹啬,艹
蔸,⿱艹兜,艹
蔹,⿱艹敛,艹
蔺,⿱艹？,艹
蔻,⿱艹寇,艹
蔼,⿱艹谒,艹
蔽,⿱艹敝,艹
蕃,⿱艹番,艹
蕈,⿱艹覃,艹
蕉,⿱艹焦,艹
蕊,⿱艹惢,艹
蕎,⿱艹喬,艹
蕑,⿱艹閒,艹
蕒,⿱艹買,艹
蕓,⿱艹雲,艹
蕕,⿱艹猶,艹
蕖,⿱艹渠,艹
蕘,⿱艹堯,艹
蕙,⿱艹惠,艹
蕞,⿱艹最,艹
蕠,⿱艹絮,艹
蕢,⿱艹貴,艹
蕤,⿱艹甤,艹
蕨,⿱艹厥,艹
蕩,⿱艹湯,艹
蕪,⿱艹無,艹
蕭,⿱艹肅,艹
蕲,⿱艹？,艹
蕴,⿱艹缊,艹
蕷,⿱艹預,艹
蕹,⿱艹雍,艹
蕺,⿱艹戢,艹
蕻,⿱艹？,艹
蕾,⿱艹雷,艹
薄,⿱艹溥,艹
薅,⿱艹媷,艹
薇,⿱艹微,艹
薈,⿱艹會,艹
薊,⿱艹魝,艹
薌,⿱艹鄉,艹
薏,⿱艹意,艹
薑,⿱艹畺,艹
薔,⿱艹嗇,艹
薛,⿱艹？,艹
薜,⿱艹辟,艹
薤,⿱艹？,艹
薦,⿱艹廌,艹
薨,⿱艹？,艹
薩,⿱艹隡,艹
薪,⿱艹新,艹
薮,⿱艹数,艹
薯,⿱艹署,艹
薰,⿱艹熏,艹
薳,⿱艹遠,艹
薶,⿱艹貍,艹
薷,⿱艹需,艹
薹,⿱艹臺,艹
薺,⿱艹齊,艹
藁,⿱艹槀,艹
藇,⿱艹與,艹
藉,⿱艹耤,艹
藍,⿱艹監,艹
藏,⿱艹臧,艹
藐,⿱艹貌,艹
藒,⿱艹？,艹
藓,⿱艹鲜,艹
藕,⿱艹耦,艹
藘,⿱艹慮,艹
藜,⿱艹黎,艹
藝,⿱艹云,艹
藤,⿱艹滕,艹
藥,⿱艹樂,艹
藨,⿱艹麃,艹
藩,⿱艹潘,艹
藪,⿱艹數,艹
藭,⿱艹窮,艹
藹,⿱艹謁,艹
藺,⿱艹閵,艹
藻,⿱艹澡,艹
藿,⿱艹霍,艹
蘄,⿱艹？,艹
蘅,⿱艹衡,艹
蘆,⿱艹盧,艹
蘇,⿱艹穌,艹
蘊,⿱艹縕,艹
蘋,⿱艹頻,艹
蘑,⿱艹磨,艹
蘖,⿱艹木,木
蘘,⿱艹襄,艹
蘚,⿱艹鮮,艹
蘞,⿱艹斂,艹
蘢,⿱艹龍,艹
蘧,⿱艹遽,艹
蘩,⿱艹繁,艹
蘭,⿱艹闌,艹
蘵,⿱艹職,艹
蘸,⿱艹醮,艹
蘺,⿱艹離,艹
蘼,⿱艹靡,艹
蘿,⿱艹羅,艹
虍,⿸虍？,虍
虎,⿸虍几,虎
虏,⿸虍力,虍
虐,⿸虍彐,虍
虑,⿸虍心,心
虒,⿸厂虎,虎
虔,⿸虍文,虍
處,⿸虍処,虍
虖,⿸虍乎,虍
虘,⿸虍且,虍
虚,⿸虍业,虍
虛,⿸虍？,虍
虜,⿸虍男,虍
虞,⿸虍吴,虍
盧,⿸虍？,虍
號,⿰号虎,虎
虢,⿰寽虎,虎
虧,⿰雐亏,虍
虫,⿰虫？,虫
虬,⿰虫乚,虫
虮,⿰虫几,虫
虰,⿰虫丁,虫
虱,⿹乙虫,虫
虹,⿰虫工,虫
虺,⿰兀虫,虫
虻,⿰虫亡,虫
虼,⿰虫乞,虫
虽,⿱口虫,虫
虾,⿰虫下,虫
虿,⿱万虫,虫
蚀,⿰饣虫,饣
蚁,⿰虫义,虫
蚂,⿰虫马,虫
蚊,⿰虫文,虫
蚋,⿰虫内,虫
蚌,⿰虫丰,虫
蚍,⿰虫比,虫
蚓,⿰虫引,虫
蚕,⿱天虫,虫
蚖,⿰虫元,虫
蚜,⿰虫牙,虫
蚝,⿰虫毛,虫
蚣,⿰虫公,虫
蚤,⿱叉虫,虫
蚧,⿰虫介,虫
蚨,⿰虫夫,虫
蚩,⿱屮虫,虫
蚪,⿰虫斗,虫
蚬,⿰虫见,虫
蚯,⿰虫丘,虫
蚰,⿰虫由,虫
蚱,⿰虫乍,虫
蚴,⿰虫幼,虫
蚵,⿰虫可,虫
蚶,⿰虫甘,虫
蚺,⿰虫冉,虫
蛀,⿰虫主,虫
蛄,⿰虫古,虫
蛆,⿰虫且,虫
蛇,⿰虫它,虫
蛉,⿰虫令,虫
蛊,⿱虫皿,虫
蛋,⿱疋虫,虫
蛎,⿰虫厉,虫
蛏,⿰虫圣,虫
蛐,⿰虫曲,虫
蛑,⿰虫牟,虫
蛔,⿰虫回,虫
蛘,⿰虫羊,虫
蛙,⿰虫圭,虫
蛛,⿰虫朱,虫
蛜,⿰虫伊,虫
蛞,⿰虫舌,虫
蛟,⿰虫交,虫
蛤,⿰虫合,虫
蛩,⿱巩虫,虫
蛭,⿰虫至,虫
蛮,⿱亦虫,虫
蛰,⿱执虫,虫
蛱,⿰虫夹,虫
蛲,⿰虫尧,虫
蛳,⿰虫师,虫
蛴,⿰虫齐,虫
蛵,⿰虫巠,虫
蛸,⿰虫肖,虫
蛹,⿰虫甬,虫
蛺,⿰虫夾,虫
蛻,⿰虫兌,虫
蛾,⿰虫我,虫
蜀,⿱罒？,虫
蜂,⿰虫夆,虫
蜃,⿱辰虫,虫
蜇,⿱折虫,虫
蜈,⿰虫吴,虫
蜉,⿰虫孚,虫
蜊,⿰虫利,虫
蜍,⿰虫余,虫
蜎,⿰虫肙,虫
蜒,⿰虫延,虫
蜓,⿰虫廷,虫
蜕,⿰虫兑,虫
蜗,⿰虫呙,虫
蜘,⿰虫知,虫
蜚,⿱非虫,虫
蜜,⿱宓虫,虫
蜞,⿰虫其,虫
蜡,⿰虫昔,虫
蜢,⿰虫孟,虫
蜣,⿰虫羌,虫
蜥,⿰虫析,虫
蜩,⿰虫周,虫
蜮,⿰虫或,虫
蜱,⿰虫卑,虫
蜴,⿰虫易,虫
蜷,⿰虫卷,虫
蜻,⿰虫青,虫
蜾,⿰虫果,虫
蜿,⿰虫宛,虫
蝇,⿰虫黾,虫
蝈,⿰虫国,虫
蝉,⿰虫单,虫
蝌,⿰虫科,虫
蝎,⿰虫曷,虫
蝓,⿰虫俞,虫
蝕,⿰飠虫,虫
蝗,⿰虫皇,虫
蝙,⿰虫扁,虫
蝟,⿰虫胃,虫
蝠,⿰虫畐,虫
蝣,⿰虫斿,虫
蝤,⿰虫酋,虫
蝥,⿱敄虫,虫
蝦,⿰虫叚,虫
蝨,⿱卂蟲,虫
蝮,⿰虫复,虫
蝰,⿰虫奎,虫
蝴,⿰虫胡,虫
蝶,⿰虫枼,虫
蝸,⿰虫咼,虫
蝻,⿰虫南,虫
蝼,⿰虫娄,虫
蝽,⿰虫春,虫
蝾,⿰虫荣,虫
螂,⿰虫郎,虫
螃,⿰虫旁,虫
螄,⿰虫師,虫
螅,⿰虫息,虫
螈,⿰虫原,虫
螉,⿰虫翁,虫
螋,⿰虫叟,虫
融,⿰鬲虫,鬲
螓,⿰虫秦,虫
螗,⿰虫唐,虫
螞,⿰虫馬,虫
螟,⿰虫冥,虫
螢,⿱？虫,虫
螨,⿰虫？,虫
螫,⿱赦虫,虫
螬,⿰虫曹,虫
螭,⿰虫离,虫
螮,⿰虫帶,虫
螯,⿱敖虫,虫
螳,⿰虫堂,虫
螵,⿰虫票,虫
螺,⿰虫累,虫
螻,⿰虫婁,虫
螽,⿱冬蟲,虫
蟀,⿰虫率,虫
蟄,⿱執虫,虫
蟆,⿰虫莫,虫
蟈,⿰虫國,虫
蟊,⿱矛蟲,虫
蟋,⿰虫悉,虫
蟎,⿰虫㒼,虫
蟏,⿰虫萧,虫
蟑,⿰虫章,虫
蟒,⿰虫莽,虫
蟓,⿰虫象,虫
蟛,⿰虫彭,虫
蟜,⿰虫喬,虫
蟟,⿰虫尞,虫
蟠,⿰虫番,虫
蟢,⿰虫喜,虫
蟣,⿰虫幾,虫
蟥,⿰虫黄,虫
蟪,⿰虫惠,虫
蟬,⿰虫單,虫
蟭,⿰虫焦,虫
蟮,⿰虫善,虫
蟯,⿰虫堯,虫
蟲,⿱虫蟲,虫
蟹,⿱解虫,虫
蟻,⿰虫義,虫
䗃,⿰虫戔,虫
蟾,⿰虫詹,虫
蠃,⿱吂？,虫
蠅,⿰虫黽,虫
蠊,⿰虫廉,虫
蠍,⿰虫歇,虫
蠑,⿰虫榮,虫
蠓,⿰虫蒙,虫
蠔,⿰虫豪,虫
蠕,⿰虫需,虫
蠖,⿰虫蒦,虫
蠛,⿰虫蔑,虫
蠟,⿰虫巤,虫
蠡,⿱彖蟲,虫
蠢,⿱春蟲,虫
蠣,⿰虫厲,虫
蠨,⿰虫蕭,虫
蠮,⿰虫翳,虫
蠱,⿱蟲皿,虫
蠲,⿰益蜀,虫
蠵,⿰虫巂,虫
蠶,⿱兓蟲,虫
蠹,⿱橐蟲,虫
蠻,⿱䜌虫,虫
蠼,⿰虫矍,虫
血,口,血
衄,⿰血丑,血
衅,⿰血半,血
衆,⿱血乑,血
衊,⿰血蔑,血
行,⿰彳?,行
衍,⿻行氵,行
術,⿰彳?,行
衔,⿻行钅,彳
衕,⿻行同,行
衖,⿻行共,行
街,⿻行圭,行
衙,⿻行吾,行
衚,⿻行胡,行
衛,⿻行韋,行
衝,⿻行重,行
衡,⿻行？,行
衢,⿻行瞿,行
衣,⿱亠衣,衣
衤,⿰衤？,衤
补,⿰衤卜,衤
表,⿱毛衣,衣
衩,⿰衤叉,衤
衫,⿰衤彡,衤
衬,⿰衤寸,衤
衮,⿱亠衣,衣
衰,⿱亠衣,衣
衲,⿰衤内,衤
衷,⿱亠衣,衣
衹,⿰衤氏,衤
衽,⿰衤壬,衤
衾,⿱今衣,衣
衿,⿰衤今,衤
袁,⿱土衣,衣
袂,⿰衤夬,衤
袄,⿰衤夭,衤
袅,⿱鸟衣,衣
袈,⿱加衣,衣
袋,⿱代衣,衣
袍,⿰衤包,衤
袒,⿰衤旦,衤
袖,⿰衤由,衤
袜,⿰衤末,衤
袞,⿱亠衣,衣
袟,⿰衤失,衤
袢,⿰衤半,衤
袤,⿱亠衣,衣
被,⿰衤皮,衤
袭,⿱龙衣,龙
袮,⿰衤尔,衤
袯,⿰衤发,衤
袱,⿰衤伏,衤
袴,⿰衤夸,衤
袷,⿰衤合,衤
袼,⿰衤各,衤
裁,⿰？戈,衣
裂,⿱列衣,衣
装,⿱壮衣,衣
裆,⿰衤当,衤
裇,⿰衤血,衤
裉,⿰衤艮,衤
裊,⿱鳥衣,衣
裎,⿰衤呈,衤
裏,⿱亠衣,衣
裒,⿱亠衣,衣
裔,⿱衣冏,衣
裕,⿰衤谷,衤
裘,⿱求衣,衣
裙,⿰衤君,衤
補,⿰衤甫,衤
裝,⿱壯衣,衣
裟,⿱沙衣,衣
裡,⿰衤里,衤
裢,⿰衤连,衤
裣,⿰衤佥,衤
裤,⿰衤库,衤
裥,⿰衤间,衤
裨,⿰衤卑,衤
裰,⿰衤叕,衤
裱,⿰衤表,衤
裳,⿱尚衣,衣
裴,⿱非衣,衣
裸,⿰衤果,衤
裹,⿱亠衣,衣
裼,⿰衤易,衤
製,⿱制衣,衣
裾,⿰衤居,衤
褂,⿰衤卦,衤
複,⿰衤复,衤
褊,⿰衤扁,衤
褐,⿰衤曷,衤
褒,⿱亠衣,衣
褓,⿰衤保,衤
褙,⿰衤背,衤
褚,⿰衤者,衤
褛,⿰衤娄,衤
褟,⿰衤？,衤
褡,⿰衤荅,衤
褥,⿰衤辱,衤
褪,⿰衤退,衤
褫,⿰衤虒,衤
褰,⿱宀衣,衣
褱,⿱亠衣,衣
褲,⿰衤庫,衤
褳,⿰衤連,衤
褴,⿰衤监,衤
褵,⿰衤离,衤
褶,⿰衤習,衤
褸,⿰衤婁,衤
褻,⿱亠衣,衣
襁,⿰衤强,衤
襄,⿱亠衣,衣
襖,⿰衤奥,衤
襞,⿱辟衣,衣
襟,⿰衤禁,衤
襠,⿰衤當,衤
襢,⿰衤亶,衤
襤,⿰衤監,衤
襦,⿰衤需,衤
襪,⿰衤蔑,衤
襫,⿰衤奭,衤
襯,⿰衤親,衤
襲,⿱龍衣,衣
襻,⿰衤攀,衤
襾,X,襾
西,口,西
覀,⿱覀？,覀
要,⿱覀女,覀
覃,⿱覀早,覀
覆,⿱覀復,覀
覈,⿱覀敫,覀
見,⿱目儿,見
規,⿰夫見,見
覓,⿱爫見,見
視,⿰礻見,見
覘,⿰占見,見
覡,⿰巫見,見
覦,⿰俞見,見
親,⿰亲見,見
覬,⿰豈見,見
覲,⿰堇見,見
覷,⿰虚見,見
覺,⿱？見,見
覽,⿱監見,見
觀,⿰雚見,見
见,口,见
观,⿰又见,见
规,⿰夫见,见
觅,⿱爫见,爫
视,⿰礻见,见
觇,⿰占见,见
览,⿱？见,见
觉,⿱⺍见,见
觊,⿰岂见,见
觋,⿰巫见,见
觌,⿰卖见,见
觎,⿰俞见,见
觏,⿰冓见,见
觐,⿰堇见,见
觑,⿰虚见,见
角,⿱⺈用,角
觖,⿰角夬,角
觚,⿰角瓜,角
觜,⿱此角,角
觞,⿰角？,角
解,⿰角？,角
觥,⿰角光,角
触,⿰角虫,角
觫,⿰角束,角
觯,⿰角单,角
觱,⿱咸角,角
觳,⿰角殳,角
觴,⿰角昜,角
觸,⿰角蜀,角
言,⿱亠口,言
訁,⿰言？,訁
訂,⿰言丁,言
訃,⿰言卜,言
訇,⿹勹言,言
計,⿰言十,言
訊,⿰言卂,言
訌,⿰言工,言
討,⿰言寸,言
訓,⿰言川,言
訕,⿰言山,言
訖,⿰言乞,言
託,⿰言乇,言
記,⿰言己,言
訛,⿰言化,言
訝,⿰言牙,言
訟,⿰言公,言
訢,⿰言斤,言
訣,⿰言夬,言
訥,⿰言内,言
訪,⿰言方,言
設,⿰言殳,言
許,⿰言午,言
訴,⿰言斥,言
訶,⿰言可,言
診,⿰言㐱,言
註,⿰言主,言
訾,⿱此言,言
詆,⿰言氐,言
詈,⿱罒言,言
詐,⿰言乍,言
詒,⿰言台,言
詔,⿰言召,言
評,⿰言平,言
詛,⿰言且,言
詞,⿰言司,言
詠,⿰言永,言
詡,⿰言羽,言
詢,⿰言旬,言
詣,⿰言旨,言
試,⿰言式,言
詩,⿰言寺,言
詫,⿰言宅,言
詬,⿰言后,言
詭,⿰言危,言
詮,⿰言全,言
詰,⿰言吉,言
話,⿰言舌,言
該,⿰言亥,言
詳,⿰言羊,言
詹,⿸厂言,言
詼,⿰言灰,言
詿,⿰言圭,言
誅,⿰言朱,言
誆,⿰言匡,言
誇,⿰言夸,言
誉,⿱兴言,言
誊,⿱龹言,言
誌,⿰言志,言
認,⿰言忍,言
誑,⿰言狂,言
誒,⿰言矣,言
誓,⿱折言,言
誕,⿰言延,言
誘,⿰言秀,言
誙,⿰言巠,言
誚,⿰言肖,言
語,⿰言吾,言
誠,⿰言成,言
誡,⿰言戒,言
誣,⿰言巫,言
誤,⿰言吴,言
誦,⿰言甬,言
誨,⿰言每,言
說,⿰言兌,言
誰,⿰言隹,言
課,⿰言果,言
誹,⿰言非,言
誼,⿰言宜,言
誾,⿵門言,言
調,⿰言周,言
諂,⿰言臽,言
諄,⿰言享,言
談,⿰言炎,言
諉,⿰言委,言
請,⿰言青,言
諒,⿰言京,言
論,⿰言侖,言
諛,⿰言臾,言
諜,⿰言枼,言
諠,⿰言宣,言
諡,⿰言㿽,言
諢,⿰言軍,言
諤,⿰言咢,言
諦,⿰言帝,言
諧,⿰言皆,言
諫,⿰言柬,言
諭,⿰言俞,言
諮,⿰言咨,言
諱,⿰言韋,言
諳,⿰言音,言
諶,⿰言甚,言
諷,⿰言風,言
諸,⿰言者,言
諺,⿰言彦,言
諾,⿰言若,言
謀,⿰言某,言
謁,⿰言曷,言
謂,⿰言胃,言
謄,⿰⺼誊,言
謅,⿰言芻,言
謇,⿱宀言,言
謊,⿰言荒,言
謎,⿰言迷,言
謐,⿰言？,言
謔,⿰言虐,言
謗,⿰言旁,言
謙,⿰言兼,言
謚,⿰言益,言
講,⿰言冓,言
謝,⿰言射,言
謠,⿰言䍃,言
謦,⿱殸言,言
謨,⿰言莫,言
謫,⿰言啇,言
謬,⿰言翏,言
謳,⿰言區,言
謹,⿰言堇,言
謾,⿰言曼,言
證,⿰言登,言
譎,⿰言矞,言
譏,⿰言幾,言
譖,⿰言朁,言
識,⿰言戠,言
譙,⿰言焦,言
譚,⿰言覃,言
譜,⿰言普,言
警,⿱敬言,言
譫,⿰言詹,言
譬,⿱辟言,言
譭,⿰言毁,言
譯,⿰言睪,言
議,⿰言義,言
譴,⿰言遣,言
護,⿰言蒦,言
譽,⿱與言,言
讀,⿰言賣,言
變,⿱䜌攵,攵
讌,⿰言燕,言
讒,⿰言毚,言
讓,⿰言襄,言
讕,⿰言闌,言
讖,⿰言韱,言
讚,⿰言贊,言
讞,⿰言獻,言
讠,⿰讠？,讠
计,⿰讠十,讠
订,⿰讠丁,讠
讣,⿰讠卜,讠
认,⿰讠人,讠
讥,⿰讠几,讠
讦,⿰讠干,讠
讧,⿰讠工,讠
讨,⿰讠寸,讠
让,⿰讠上,讠
讪,⿰讠山,讠
讫,⿰讠乞,讠
讬,⿰讠乇,讠
训,⿰讠川,讠
议,⿰讠义,讠
讯,⿰讠卂,讠
记,⿰讠己,讠
讲,⿰讠井,讠
讳,⿰讠韦,讠
讴,⿰讠区,讠
讵,⿰讠巨,讠
讶,⿰讠牙,讠
讷,⿰讠内,讠
许,⿰讠午,讠
讹,⿰讠化,讠
论,⿰讠仑,讠
讼,⿰讠公,讠
讽,⿰讠风,讠
设,⿰讠殳,讠
访,⿰讠方,讠
诀,⿰讠夬,讠
证,⿰讠正,讠
诂,⿰讠古,讠
诃,⿰讠可,讠
评,⿰讠平,讠
诅,⿰讠且,讠
识,⿰讠只,讠
诈,⿰讠乍,讠
诉,⿰讠斥,讠
诊,⿰讠㐱,讠
诋,⿰讠氐,讠
诌,⿰讠刍,讠
词,⿰讠司,讠
诎,⿰讠出,讠
诏,⿰讠召,讠
译,⿰讠？,讠
诒,⿰讠台,讠
诓,⿰讠匡,讠
诔,⿰讠耒,讠
试,⿰讠式,讠
诖,⿰讠圭,讠
诗,⿰讠寺,讠
诘,⿰讠吉,讠
诙,⿰讠灰,讠
诚,⿰讠成,讠
诛,⿰讠朱,讠
诜,⿰讠先,讠
话,⿰讠舌,讠
诞,⿰讠延,讠
诟,⿰讠后,讠
诠,⿰讠全,讠
诡,⿰讠危,讠
询,⿰讠旬,讠
诣,⿰讠旨,讠
诤,⿰讠争,讠
该,⿰讠亥,讠
详,⿰讠羊,讠
诧,⿰讠宅,讠
诨,⿰讠军,讠
诩,⿰讠羽,讠
诫,⿰讠戒,讠
诬,⿰讠巫,讠
语,⿰讠吾,讠
诮,⿰讠肖,讠
误,⿰讠吴,讠
诰,⿰讠告,讠
诱,⿰讠秀,讠
诲,⿰讠每,讠
诳,⿰讠狂,讠
说,⿰讠兑,讠
诵,⿰讠甬,讠
诶,⿰讠矣,讠
请,⿰讠青,讠
诸,⿰讠者,讠
诹,⿰讠取,讠
诺,⿰讠若,讠
读,⿰讠卖,讠
诼,⿰讠豖,讠
诽,⿰讠非,讠
课,⿰讠果,讠
诿,⿰讠委,讠
谀,⿰讠臾,讠
谁,⿰讠隹,讠
谂,⿰讠念,讠
调,⿰讠周,讠
谄,⿰讠臽,讠
谅,⿰讠京,讠
谆,⿰讠享,讠
谇,⿰讠卒,讠
谈,⿰讠炎,讠
谊,⿰讠宜,讠
谋,⿰讠某,讠
谌,⿰讠甚,讠
谍,⿰讠枼,讠
谎,⿰讠荒,讠
谏,⿰讠柬,讠
谐,⿰讠皆,讠
谑,⿰讠虐,讠
谒,⿰讠曷,讠
谓,⿰讠胃,讠
谔,⿰讠咢,讠
谕,⿰讠俞,讠
谖,⿰讠爰,讠
谗,⿰讠？,讠
谘,⿰讠咨,讠
谙,⿰讠音,讠
谚,⿰讠彦,讠
谛,⿰讠帝,讠
谜,⿰讠迷,讠
谝,⿰讠扁,讠
谟,⿰讠莫,讠
谠,⿰讠党,讠
谡,⿰讠畟,讠
谢,⿰讠射,讠
谣,⿰讠䍃,讠
谤,⿰讠旁,讠
谥,⿰讠益,讠
谦,⿰讠兼,讠
谧,⿰讠?,讠
谨,⿰讠堇,讠
谩,⿰讠曼,讠
谪,⿰讠啇,讠
谫,⿰讠剪,讠
谬,⿰讠翏,讠
谭,⿰讠覃,讠
谮,⿰讠朁,讠
谯,⿰讠焦,讠
谰,⿰讠阑,讠
谱,⿰讠普,讠
谲,⿰讠矞,讠
谳,⿰讠献,讠
谴,⿰讠遣,讠
谵,⿰讠詹,讠
谶,⿰讠韱,讠
谷,⿱人口,谷
谿,⿰奚谷,谷
豁,⿰害谷,谷
豆,⿱一豆,豆
豇,⿰豆工,豆
豈,⿱山豆,豆
豉,⿰豆支,豆
豊,⿱曲豆,豆
豌,⿰豆宛,豆
豎,⿱臤豆,豆
豐,⿱？豆,豆
豔,⿰豐盍,豆
豕,⿱一豕,豕
豖,⿻豕丶,豕
豙,⿱立豕,豕
豚,⿰⺼豕,豕
象,⿱⺈豕,豕
豢,⿱龹豕,豕
豦,⿸虍豕,豕
豩,⿰豕豕,豕
豪,⿱亠豕,豕
豫,⿰予象,豕
豬,⿰豕者,豕
豱,⿰豕昷,豕
豳,⿶凵？,豕
豸,⿰豸？,豸
豹,⿰豸勺,豸
豺,⿰豸才,豸
豻,⿰豸干,豸
貂,⿰豸召,豸
貅,⿰豸休,豸
貇,⿰豸艮,豸
貉,⿰豸各,豸
貊,⿰豸百,豸
貌,⿰豸皃,豸
貍,⿰豸里,豸
貓,⿰豸苗,豸
貔,⿰豸？,豸
貘,⿰豸莫,豸
貝,⿱？貝,貝
貞,⿱⺊貝,貝
負,⿱⺈貝,貝
財,⿰貝才,貝
貢,⿱工貝,貝
貧,⿱分貝,貝
貨,⿱化貝,貝
販,⿰貝反,貝
貪,⿱今貝,貝
貫,⿱毌貝,貝
責,⿱龶貝,貝
貯,⿰貝宁,貝
貲,⿱此貝,貝
貳,⿰貝弋,貝
貴,⿱？貝,貝
貶,⿰貝乏,貝
買,⿱罒貝,貝
貸,⿱代貝,貝
費,⿱弗貝,貝
貼,⿰貝占,貝
貽,⿰貝台,貝
貿,⿱卯貝,貝
賀,⿱加貝,貝
賁,⿱卉貝,貝
賂,⿰貝各,貝
賃,⿱任貝,貝
賄,⿰貝有,貝
賅,⿰貝亥,貝
資,⿱次貝,貝
賈,⿱覀貝,貝
賊,⿰貝戎,貝
賏,⿰貝貝,貝
賑,⿰貝辰,貝
賒,⿰貝佘,貝
賓,⿱宀貝,貝
賙,⿰貝周,貝
賚,⿱來貝,貝
賜,⿰貝易,貝
賞,⿱尚貝,貝
賠,⿰貝咅,貝
賢,⿱臤貝,貝
賣,⿱士貝,貝
賤,⿰貝戔,貝
賦,⿰貝武,貝
質,⿱斦貝,貝
賬,⿰貝長,貝
賭,⿰貝者,貝
賴,⿰束負,貝
賺,⿰貝兼,貝
購,⿰貝冓,貝
賽,⿱？貝,貝
贄,⿱執貝,貝
贅,⿱敖貝,貝
贈,⿰貝曾,貝
贊,⿱兟貝,貝
贍,⿰貝詹,貝
贏,⿵？貝,貝
贓,⿰貝臧,貝
贔,品貝,貝
贖,⿰貝賣,貝
贗,⿸鴈貝,貝
贛,⿰章貢,貝
贝,口,贝
贞,⿱⺊贝,⺊
负,⿱⺈贝,贝
贡,⿱工贝,贝
财,⿰贝才,贝
责,⿱龶贝,贝
贤,⿱？贝,贝
败,⿰贝攵,贝
账,⿰贝长,贝
货,⿱化贝,贝
质,⿸厂贝,厂
贩,⿰贝反,贝
贪,⿱今贝,贝
贫,⿱分贝,贝
贬,⿰贝乏,贝
购,⿰贝勾,贝
贮,⿰贝？,贝
贯,⿱毌贝,贝
贰,⿰？弋,弋
贱,⿰贝戋,贝
贲,⿱卉贝,贝
贳,⿱世贝,贝
贴,⿰贝占,贝
贵,⿱？贝,贝
贶,⿰贝兄,贝
贷,⿱代贝,贝
贸,⿱卯贝,贝
费,⿱弗贝,贝
贺,⿱加贝,贝
贻,⿰贝台,贝
贼,⿰贝戎,贝
贽,⿱执贝,贝
贾,⿱覀贝,贝
贿,⿰贝有,贝
赀,⿱此贝,贝
赁,⿱任贝,贝
赂,⿰贝各,贝
赃,⿰贝庄,贝
资,⿱次贝,贝
赅,⿰贝亥,贝
赆,⿰贝尽,贝
赇,⿰贝求,贝
赈,⿰贝辰,贝
赉,⿱来贝,贝
赊,⿰贝佘,贝
赋,⿰贝武,贝
赌,⿰贝者,贝
赍,⿱？贝,贝
赎,⿰贝卖,贝
赏,⿱尚贝,贝
赐,⿰贝易,贝
赑,品贝,贝
赒,⿰贝周,贝
赓,⿸庚贝,广
赔,⿰贝咅,贝
赕,⿰贝炎,贝
赖,⿰剌贝,贝
赘,⿱敖贝,贝
赙,⿰贝尃,贝
赚,⿰贝兼,贝
赛,⿱宀贝,贝
赜,⿰臣责,臣
赝,⿸雁贝,贝
赞,⿱兟贝,贝
赠,⿰贝曾,贝
赡,⿰贝詹,贝
赢,⿱亠？,贝
赣,⿰章贡,贝
赤,⿱土？,赤
赦,⿰赤攵,赤
赧,⿰赤？,赤
赫,⿰赤赤,赤
赭,⿰赤者,赤
走,⿱土？,走
赳,⿺走丩,走
赴,⿺走卜,走
赵,⿺走乂,走
赶,⿺走干,走
起,⿺走己,走
赸,⿺走山,走
趁,⿺走㐱,走
趄,⿺走且,走
超,⿺走召,走
越,⿺走戉,走
趋,⿺走刍,走
趑,⿺走次,走
趔,⿺走列,走
趕,⿺走旱,走
趙,⿺走肖,走
趟,⿺走尚,走
趣,⿺走取,走
趦,⿺走咨,走
趨,⿺走芻,走
趯,⿺走翟,走
趱,⿺走赞,走
足,⿱口？,足
趴,⿰足八,足
趵,⿰足勺,足
趸,⿱万足,足
趺,⿰足夫,足
趼,⿰足开,足
趾,⿰足止,足
趿,⿰足及,足
跂,⿰足支,足
跃,⿰足夭,足
跄,⿰足仓,足
跆,⿰足台,足
跋,⿰足犮,足
跌,⿰足失,足
跎,⿰足它,足
跏,⿰足加,足
跑,⿰足包,足
跖,⿰足石,足
跗,⿰足付,足
跚,⿰足册,足
跛,⿰足皮,足
距,⿰足巨,足
跞,⿰足乐,足
跟,⿰足艮,足
跡,⿰足亦,足
跣,⿰足先,足
跤,⿰足交,足
跨,⿰足夸,足
跪,⿰足危,足
跫,⿱巩足,足
跬,⿰足圭,足
路,⿰足各,足
跳,⿰足兆,足
践,⿰足戋,足
跶,⿰足达,足
跷,⿰足尧,足
跸,⿰足毕,足
跹,⿰足迁,足
跺,⿰足朵,足
跻,⿰足齐,足
跽,⿰足忌,足
踅,⿱折足,足
踉,⿰足良,足
踊,⿰足甬,足
踌,⿰足寿,足
踏,⿰足沓,足
踐,⿰足戔,足
踔,⿰足卓,足
踘,⿰足匊,足
踝,⿰足果,足
踞,⿰足居,足
踟,⿰足知,足
踢,⿰足易,足
踣,⿰足咅,足
踥,⿰足妾,足
踩,⿰足采,足
踪,⿰足宗,足
踬,⿰足质,足
踮,⿰足店,足
踯,⿰足郑,足
踱,⿰足度,足
踴,⿰足勇,足
踵,⿰足重,足
踶,⿰足是,足
踹,⿰足耑,足
踺,⿰足建,足
踽,⿰足禹,足
蹀,⿰足枼,足
蹁,⿰足扁,足
蹂,⿰足柔,足
蹄,⿰足帝,足
蹇,⿱宀足,足
蹈,⿰足舀,足
蹉,⿰足差,足
蹊,⿰足奚,足
蹋,⿰足？,足
蹌,⿰足倉,足
蹑,⿰足聂,足
蹒,⿰足？,足
蹙,⿱戚足,足
蹚,⿰足堂,足
蹟,⿰足責,足
蹡,⿰足將,足
蹣,⿰足㒼,足
蹤,⿰足從,足
蹦,⿰足崩,足
蹧,⿰足曹,足
蹩,⿱敝足,足
蹬,⿰足登,足
蹭,⿰足曾,足
蹯,⿰足番,足
蹰,⿰足厨,足
蹲,⿰足尊,足
蹴,⿰足就,足
蹶,⿰足厥,足
蹺,⿰足堯,足
蹼,⿰足菐,足
蹿,⿰足窜,足
躁,⿰足喿,足
躂,⿰足達,足
躅,⿰足蜀,足
躇,⿰足著,足
躉,⿱萬足,足
躊,⿰足壽,足
躋,⿰足齊,足
躍,⿰足翟,足
躏,⿰足蔺,足
躐,⿰足巤,足
躑,⿰足鄭,足
躓,⿰足質,足
躔,⿰足廛,足
躕,⿰足廚,足
躚,⿰足遷,足
躜,⿰足赞,足
躞,⿰足燮,足
躡,⿰足聶,足
躥,⿰足竄,足
躪,⿰足藺,足
身,⿰身？,身
躬,⿰身弓,身
躯,⿰身区,身
躲,⿰身朵,身
躺,⿰身尚,身
軀,⿰身區,身
軃,⿰身單,身
躴,⿰身良,身
躭,⿰身？,身
躶,⿰身果,身
躳,⿰身吕,身
躹,⿰身？,身
軂,⿰身勞,身
軁,⿰身？,身
車,⿰車？,車
軋,⿰車乚,車
軌,⿰車九,車
軍,⿱冖車,車
軎,⿱車口,車
軒,⿰車干,車
軔,⿰車刃,車
軛,⿰車厄,車
軟,⿰車欠,車
軫,⿰車㐱,車
軲,⿰車古,車
軸,⿰車由,車
軻,⿰車可,車
軼,⿰車失,車
軾,⿰車式,車
輂,⿱共車,車
較,⿰車交,車
載,⿰車戈,車
輊,⿰車至,車
輒,⿰車耴,車
輓,⿰車免,車
輔,⿰車甫,車
輕,⿰車巠,車
輛,⿰車兩,車
輝,⿰光軍,車
輟,⿰車叕,車
輥,⿰車昆,車
輦,⿱？車,車
輩,⿱非車,車
輪,⿰車侖,車
輬,⿰車京,車
輯,⿰車咠,車
輸,⿰車俞,車
輻,⿰車畐,車
輾,⿰車展,車
輿,⿶舁車,車
轀,⿰車？,車
轂,⿰？殳,車
轄,⿰車害,車
轅,⿰車袁,車
轆,⿰車鹿,車
轉,⿰車專,車
轍,⿰車？,車
轎,⿰車喬,車
轗,⿰車感,車
轘,⿰車睘,車
轟,品車,車
轡,⿱？口,車
轤,⿰車盧,車
车,⿰车？,车
轧,⿰车乚,车
轨,⿰车九,车
轩,⿰车干,车
轫,⿰车刃,车
转,⿰车专,车
轭,⿰车厄,车
轮,⿰车仑,车
软,⿰车欠,车
轰,⿱车双,车
轱,⿰车古,车
轲,⿰车可,车
轳,⿰车卢,车
轴,⿰车由,车
轵,⿰车只,车
轶,⿰车失,车
轷,⿰车乎,车
轸,⿰车㐱,车
轹,⿰车乐,车
轺,⿰车召,车
轻,⿰车巠,车
轼,⿰车式,车
载,⿰车戈,戈
轾,⿰车至,车
轿,⿰车乔,车
辁,⿰车全,车
辂,⿰车各,车
较,⿰车交,车
辄,⿰车耴,车
辅,⿰车甫,车
辆,⿰车两,车
辇,⿱？车,车
辈,⿱非车,非
辉,⿰光军,⺌
辊,⿰车昆,车
辋,⿰车罔,车
辌,⿰车京,车
辍,⿰车叕,车
辎,⿰车甾,车
辏,⿰车奏,车
辐,⿰车畐,车
辑,⿰车咠,车
辒,⿰车昷,车
输,⿰车俞,车
辔,⿱？口,口
辕,⿰车袁,车
辖,⿰车害,车
辗,⿰车展,车
辘,⿰车鹿,车
辙,⿰车？,车
辚,⿰车粦,车
辛,⿱立十,辛
辜,⿱古辛,辛
辞,⿰舌辛,辛
辟,⿰？辛,辛
辣,⿰辛束,辛
辥,⿰？辛,辛
辦,⿰辛辛,辛
辨,⿰辛辛,辛
辩,⿰辛辛,辛
辫,⿰辛辛,辛
辭,⿰？辛,辛
辮,⿰辛辛,辛
辯,⿰辛辛,辛
辰,⿸厂？,辰
辱,⿱辰寸,辰
農,⿱曲辰,辰
辵,X,辵
辶,⿺辶？,辶
边,⿺辶力,辶
辽,⿺辶了,辶
达,⿺辶大,辶
迁,⿺辶千,辶
迂,⿺辶于,辶
迄,⿺辶乞,辶
迅,⿺辶卂,辶
过,⿺辶寸,辶
迈,⿺辶万,辶
迎,⿺辶卬,辶
运,⿺辶云,辶
近,⿺辶斤,辶
迓,⿺辶牙,辶
返,⿺辶反,辶
迕,⿺辶午,辶
还,⿺辶不,辶
这,⿺辶文,辶
进,⿺辶井,辶
远,⿺辶元,辶
违,⿺辶韦,辶
连,⿺辶车,辶
迟,⿺辶尺,辶
迢,⿺辶召,辶
迤,⿺辶？,辶
迥,⿺辶冋,辶
迦,⿺辶加,辶
迨,⿺辶台,辶
迩,⿺辶尔,辶
迪,⿺辶由,辶
迫,⿺辶白,辶
迭,⿺辶失,辶
迮,⿺辶乍,辶
述,⿺辶术,辶
迳,⿺辶巠,辶
迴,⿺辶回,辶
迶,⿺辶有,辶
迷,⿺辶米,辶
迸,⿺辶并,辶
迹,⿺辶亦,辶
追,⿺辶？,辶
退,⿺辶艮,辶
送,⿺辶关,辶
适,⿺辶舌,辶
逃,⿺辶兆,辶
逄,⿺辶夅,辶
逅,⿺辶后,辶
逆,⿺辶屰,辶
选,⿺辶先,辶
逊,⿺辶孙,辶
逋,⿺辶甫,辶
逍,⿺辶肖,辶
透,⿺辶秀,辶
逐,⿺辶豕,辶
逑,⿺辶求,辶
递,⿺辶弟,辶
途,⿺辶余,辶
逕,⿺辶巠,辶
逖,⿺辶狄,辶
逗,⿺辶豆,辶
這,⿺辶言,辶
通,⿺辶甬,辶
逛,⿺辶狂,辶
逝,⿺辶折,辶
逞,⿺辶呈,辶
速,⿺辶束,辶
造,⿺辶告,辶
逡,⿺辶夋,辶
逢,⿺辶夆,辶
連,⿺辶車,辶
逦,⿺辶丽,辶
逭,⿺辶官,辶
逮,⿺辶隶,辶
逯,⿺辶录,辶
週,⿺辶周,辶
進,⿺辶隹,辶
逵,⿺辶坴,辶
逶,⿺辶委,辶
逸,⿺辶兔,辶
逻,⿺辶罗,辶
逼,⿺辶畐,辶
逾,⿺辶俞,辶
遀,⿺辶？,辶
遁,⿺辶盾,辶
遂,⿺辶？,辶
遄,⿺辶耑,辶
遇,⿺辶禺,辶
遊,⿺辶斿,辶
運,⿺辶軍,辶
遍,⿺辶扁,辶
過,⿺辶咼,辶
遏,⿺辶曷,辶
遐,⿺辶叚,辶
遑,⿺辶皇,辶
遒,⿺辶酋,辶
道,⿺辶首,辶
達,⿺辶羍,辶
違,⿺辶韋,辶
遗,⿺辶贵,辶
遘,⿺辶冓,辶
遙,⿺辶䍃,辶
遛,⿺辶留,辶
遜,⿺辶孫,辶
遞,⿺辶虒,辶
遠,⿺辶袁,辶
遢,⿺辶？,辶
遣,⿺辶？,辶
遥,⿺辶䍃,辶
遨,⿺辶敖,辶
適,⿺辶啇,辶
遭,⿺辶曹,辶
遮,⿺辶庶,辶
遲,⿺辶犀,辶
遴,⿺辶粦,辶
遵,⿺辶尊,辶
遷,⿺辶䙴,辶
選,⿺辶巽,辶
遺,⿺辶貴,辶
遼,⿺辶尞,辶
遽,⿺辶豦,辶
避,⿺辶辟,辶
邀,⿺辶敫,辶
邁,⿺辶萬,辶
邂,⿺辶解,辶
邃,⿺辶？,辶
還,⿺辶睘,辶
邇,⿺辶爾,辶
邈,⿺辶貌,辶
邊,⿺辶臱,辶
邋,⿺辶巤,辶
邏,⿺辶羅,辶
邑,⿱口巴,邑
邓,⿰又阝,阝
邕,⿱巛巴,邑
邗,⿰干阝,阝
邘,⿰于阝,阝
邙,⿰亡阝,阝
邛,⿰工阝,阝
邝,⿰广阝,阝
邠,⿰分阝,阝
邡,⿰方阝,阝
邢,⿰开阝,阝
那,⿰？阝,阝
邦,⿰丰阝,阝
邨,⿰屯阝,阝
邪,⿰牙阝,阝
邬,⿰乌阝,阝
邮,⿰由阝,阝
邯,⿰甘阝,阝
邰,⿰台阝,阝
邱,⿰丘阝,阝
邳,⿰丕阝,阝
邴,⿰丙阝,阝
邵,⿰召阝,阝
邶,⿰北阝,阝
邸,⿰氐阝,阝
邹,⿰刍阝,阝
邺,⿰业阝,阝
邻,⿰令阝,阝
邾,⿰朱阝,阝
郁,⿰有阝,阝
郄,⿰？阝,阝
郅,⿰至阝,阝
郇,⿰旬阝,阝
郊,⿰交阝,阝
郎,⿰良阝,阝
郏,⿰夹阝,阝
郐,⿰会阝,阝
郑,⿰关阝,阝
郓,⿰军阝,阝
郗,⿰希阝,阝
郛,⿰孚阝,阝
郜,⿰告阝,阝
郝,⿰赤阝,阝
郟,⿰夾阝,阝
郡,⿰君阝,阝
郢,⿰呈阝,阝
郤,⿰谷阝,阝
郦,⿰丽阝,阝
郧,⿰员阝,阝
部,⿰咅阝,阝
郫,⿰卑阝,阝
郭,⿰享阝,阝
郯,⿰炎阝,阝
郴,⿰林阝,阝
郵,⿰垂阝,阝
郸,⿰单阝,阝
都,⿰者阝,阝
郾,⿰匽阝,阝
鄂,⿰咢阝,阝
鄄,⿰垔阝,阝
鄆,⿰軍阝,阝
鄉,⿰乡阝,阝
鄋,⿰叟阝,阝
鄒,⿰芻阝,阝
鄖,⿰員阝,阝
鄙,⿰啚阝,阝
鄞,⿰堇阝,阝
鄢,⿰焉阝,阝
鄣,⿰章阝,阝
鄦,⿰無阝,阝
鄧,⿰登阝,阝
鄭,⿰奠阝,阝
鄯,⿰善阝,阝
鄰,⿰粦阝,阝
鄱,⿰番阝,阝
鄲,⿰單阝,阝
鄴,⿰業阝,阝
鄹,⿰聚阝,阝
酃,⿰霝阝,阝
酆,⿰豐阝,阝
酉,⿱？酉,酉
酊,⿰酉丁,酉
酋,⿱丷酉,酉
酌,⿰酉勺,酉
配,⿰酉己,酉
酎,⿰酉寸,酉
酏,⿰酉也,酉
酐,⿰酉干,酉
酒,⿰氵酉,酉
酕,⿰酉毛,酉
酖,⿰酉冘,酉
酗,⿰酉凶,酉
酚,⿰酉分,酉
酝,⿰酉云,酉
酞,⿰酉太,酉
酡,⿰酉它,酉
酢,⿰酉乍,酉
酣,⿰酉甘,酉
酤,⿰酉古,酉
酥,⿰酉禾,酉
酦,⿰酉发,酉
酩,⿰酉名,酉
酪,⿰酉各,酉
酬,⿰酉州,酉
酮,⿰酉同,酉
酯,⿰酉旨,酉
酰,⿰酉先,酉
酱,⿱？酉,酉
酲,⿰酉呈,酉
酴,⿰酉余,酉
酵,⿰酉孝,酉
酶,⿰酉每,酉
酷,⿰酉告,酉
酸,⿰酉夋,酉
酹,⿰酉寽,酉
酽,⿰酉严,酉
酾,⿰酉丽,酉
酿,⿰酉良,酉
醃,⿰酉奄,酉
醄,⿰酉匋,酉
醅,⿰酉咅,酉
醇,⿰酉享,酉
醉,⿰酉卒,酉
醋,⿰酉昔,酉
醌,⿰酉昆,酉
醍,⿰酉是,酉
醐,⿰酉胡,酉
醑,⿰酉胥,酉
醒,⿰酉星,酉
醚,⿰酉迷,酉
醛,⿰酉荃,酉
醜,⿰酉鬼,酉
醞,⿰酉？,酉
醢,⿰酉？,酉
醣,⿰酉唐,酉
醪,⿰酉翏,酉
醫,⿱殹酉,酉
醬,⿱將酉,酉
醭,⿰酉菐,酉
醮,⿰酉焦,酉
醯,⿰酉？,酉
醱,⿰酉發,酉
醴,⿰酉豊,酉
醵,⿰酉豦,酉
醺,⿰酉熏,酉
釀,⿰酉襄,酉
釁,⿱興分,酉
釆,⿱爫木,釆
采,⿱爫木,釆
釉,⿰釆由,釆
释,⿰釆？,釆
釋,⿰釆睪,釆
里,⿱田土,里
重,⿱？里,里
野,⿰里予,里
量,⿱旦里,里
釐,⿱？厘,里
金,⿱人玉,金
釗,⿰釒刂,釒
釘,⿰釒丁,釒
鉆,⿰釒占,釒
釜,⿱父金,金
針,⿰釒十,釒
釣,⿰釒勺,釒
釦,⿰釒口,釒
釧,⿰釒川,釒
釩,⿰釒凡,釒
釵,⿰釒叉,釒
釺,⿰釒千,釒
鈀,⿰釒巴,釒
鈄,⿰釒斗,釒
鈆,⿰釒公,釒
鈉,⿰釒内,釒
鈍,⿰釒屯,釒
鈎,⿰釒勾,釒
鈔,⿰釒少,釒
鈕,⿰釒丑,釒
鈞,⿰釒匀,釒
鈣,⿰釒丐,釒
鈦,⿰釒太,釒
鈬,⿰釒尺,釒
鈴,⿰釒令,釒
鈷,⿰釒古,釒
鈺,⿰釒玉,釒
鈽,⿰釒布,釒
鈾,⿰釒由,釒
鈿,⿰釒田,釒
鉀,⿰釒甲,釒
鉄,⿰釒失,釒
鉅,⿰釒巨,釒
鉉,⿰釒玄,釒
鉗,⿰釒甘,釒
鉚,⿰釒卯,釒
鉛,⿰釒？,釒
鉞,⿰釒戉,釒
鉤,⿰釒句,釒
鉧,⿰釒母,釒
鉴,⿱？金,金
鉸,⿰釒交,釒
鉻,⿰釒各,釒
鉾,⿰釒牟,釒
銀,⿰釒艮,釒
銃,⿰釒充,釒
銅,⿰釒同,釒
銎,⿱巩金,金
銑,⿰釒先,釒
銓,⿰釒全,釒
銖,⿰釒朱,釒
銘,⿰釒名,釒
銚,⿰釒兆,釒
銜,⿻行金,金
銨,⿰釒安,釒
銬,⿰釒考,釒
銮,⿱亦金,金
銲,⿰釒旱,釒
銳,⿰釒兌,釒
銷,⿰釒肖,釒
銹,⿰釒秀,釒
銼,⿰釒坐,釒
銾,⿰釒汞,釒
鋁,⿰釒吕,釒
鋃,⿰釒良,釒
鋅,⿰釒辛,釒
鋇,⿰釒貝,釒
鋈,⿱沃金,金
鋌,⿰釒廷,釒
鋒,⿰釒夆,釒
鋤,⿰釒助,釒
鋥,⿰釒呈,釒
鋦,⿰釒局,釒
鋩,⿰釒芒,釒
鋪,⿰釒甫,釒
鋯,⿰釒告,釒
鋰,⿰釒里,釒
鋸,⿰釒居,釒
鋼,⿰釒岡,釒
錄,⿰釒彔,釒
錐,⿰釒隹,釒
錒,⿰釒阿,釒
錕,⿰釒昆,釒
錘,⿰釒垂,釒
錙,⿰釒甾,釒
錚,⿰釒争,釒
錠,⿰釒定,釒
錢,⿰釒戔,釒
錦,⿰釒帛,釒
錨,⿰釒苗,釒
錫,⿰釒易,釒
錮,⿰釒固,釒
錯,⿰釒昔,釒
録,⿰釒录,釒
錳,⿰釒孟,釒
錶,⿰釒表,釒
錾,⿱斩金,金
鍁,⿰釒欣,釒
鍊,⿰釒柬,釒
鍋,⿰釒咼,釒
鍛,⿰釒段,釒
鍥,⿰釒契,釒
鍪,⿱敄金,金
鍬,⿰釒秋,釒
鍵,⿰釒建,釒
鍾,⿰釒重,釒
鎂,⿰釒美,釒
鎊,⿰釒旁,釒
鎏,⿱流金,金
鎔,⿰釒容,釒
鎖,⿰釒？,釒
鎛,⿰釒尃,釒
鎢,⿰釒烏,釒
鎣,⿱炏金,金
鎦,⿰釒留,釒
鎧,⿰釒豈,釒
鎩,⿰釒殺,釒
鎬,⿰釒高,釒
鎮,⿰釒真,釒
鍘,⿰釒則,釒
鎳,⿰釒臬,釒
鍍,⿰釒度,釒
鏈,⿰釒連,釒
鏊,⿱敖金,金
鏖,⿱鹿金,金
鏟,⿰釒産,釒
鏡,⿰釒竟,釒
鏢,⿰釒票,釒
鏽,⿰釒肅,釒
鐐,⿰釒尞,釒
鐘,⿰釒童,釒
鐮,⿰釒廉,釒
鐲,⿰釒蜀,釒
鐵,⿰釒？,釒
鐺,⿰釒當,釒
鐾,⿱辟金,金
鑄,⿰釒壽,釒
鑊,⿰釒蒦,釒
鑑,⿰釒監,釒
鑒,⿱監金,金
鑔,⿰釒察,釒
鑞,⿰釒巤,釒
鑠,⿰釒樂,釒
鑢,⿰釒慮,釒
鑣,⿰釒麃,釒
鑪,⿰釒盧,釒
鑫,品金,金
鑭,⿰釒闌,釒
鑰,⿰釒龠,釒
鑲,⿰釒襄,釒
鑷,⿰釒聶,釒
鑼,⿰釒羅,釒
鑽,⿰釒贊,釒
鑾,⿱䜌金,金
鑿,⿱？金,金
钅,⿰钅？,钅
钆,⿰钅乚,钅
钇,⿰钅乙,钅
针,⿰钅十,钅
钉,⿰钅丁,钅
钊,⿰钅刂,钅
钋,⿰钅卜,钅
钌,⿰钅了,钅
钍,⿰钅土,钅
钎,⿰钅千,钅
钏,⿰钅川,钅
钐,⿰钅彡,钅
钒,⿰钅凡,钅
钓,⿰钅勺,钅
钔,⿰钅门,钅
钕,⿰钅女,钅
钗,⿰钅叉,钅
钙,⿰钅丐,钅
钚,⿰钅不,钅
钛,⿰钅太,钅
钜,⿰钅巨,钅
钝,⿰钅屯,钅
钞,⿰钅少,钅
钟,⿰钅中,钅
钠,⿰钅内,钅
钡,⿰钅贝,钅
钢,⿰钅冈,钅
钣,⿰钅反,钅
钤,⿰钅今,钅
钥,⿰钅⺼,钅
钦,⿰钅欠,钅
钧,⿰钅匀,钅
钨,⿰钅乌,钅
钩,⿰钅勾,钅
钪,⿰钅亢,钅
钫,⿰钅方,钅
钬,⿰钅火,钅
钭,⿰钅斗,钅
钮,⿰钅丑,钅
钯,⿰钅巴,钅
钰,⿰钅玉,钅
钱,⿰钅戋,钅
钲,⿰钅正,钅
钳,⿰钅甘,钅
钴,⿰钅古,钅
钵,⿰钅本,钅
钶,⿰钅可,钅
钷,⿰钅叵,钅
钸,⿰钅布,钅
钹,⿰钅犮,钅
钺,⿰钅戉,钅
钻,⿰钅占,钅
钼,⿰钅目,钅
钽,⿰钅旦,钅
钾,⿰钅甲,钅
钿,⿰钅田,钅
铀,⿰钅由,钅
铁,⿰钅失,钅
铂,⿰钅白,钅
铃,⿰钅令,钅
铄,⿰钅乐,钅
铅,⿰钅？,钅
铆,⿰钅卯,钅
铈,⿰钅市,钅
铉,⿰钅玄,钅
铊,⿰钅它,钅
铋,⿰钅必,钅
铌,⿰钅尼,钅
铍,⿰钅皮,钅
铎,⿰钅？,钅
铐,⿰钅考,钅
铑,⿰钅老,钅
铒,⿰钅耳,钅
铓,⿰钅芒,钅
铕,⿰钅有,钅
铖,⿰钅成,钅
铗,⿰钅夹,钅
铘,⿰钅邪,钅
铙,⿰钅尧,钅
铛,⿰钅当,钅
铜,⿰钅同,钅
铝,⿰钅吕,钅
铞,⿰钅吊,钅
铟,⿰钅因,钅
铠,⿰钅岂,钅
铡,⿰钅则,钅
铢,⿰钅朱,钅
铣,⿰钅先,钅
铤,⿰钅廷,钅
铥,⿰钅丢,钅
铧,⿰钅华,钅
铨,⿰钅全,钅
铩,⿰钅杀,钅
铪,⿰钅合,钅
铫,⿰钅兆,钅
铬,⿰钅各,钅
铭,⿰钅名,钅
铮,⿰钅争,钅
铯,⿰钅色,钅
铰,⿰钅交,钅
铱,⿰钅衣,钅
铲,⿰钅产,钅
铳,⿰钅充,钅
铴,⿰钅汤,钅
铵,⿰钅安,钅
银,⿰钅艮,钅
铷,⿰钅如,钅
铸,⿰钅寿,钅
铹,⿰钅劳,钅
铺,⿰钅甫,钅
铼,⿰钅来,钅
铽,⿰钅忒,钅
链,⿰钅连,钅
铿,⿰钅坚,钅
销,⿰钅肖,钅
锁,⿰钅贝,钅
锂,⿰钅里,钅
锃,⿰钅呈,钅
锄,⿰钅助,钅
锅,⿰钅呙,钅
锆,⿰钅告,钅
锇,⿰钅我,钅
锈,⿰钅秀,钅
锉,⿰钅坐,钅
锊,⿰钅寽,钅
锋,⿰钅夆,钅
锌,⿰钅辛,钅
锍,⿰钅㐬,钅
锎,⿰钅？,钅
锏,⿰钅间,钅
锐,⿰钅兑,钅
锑,⿰钅弟,钅
锒,⿰钅良,钅
锓,⿰钅？,钅
锔,⿰钅局,钅
锕,⿰钅阿,钅
锖,⿰钅青,钅
锗,⿰钅者,钅
锘,⿰钅若,钅
错,⿰钅昔,钅
锚,⿰钅苗,钅
锛,⿰钅奔,钅
锝,⿰钅㝵,钅
锞,⿰钅果,钅
锟,⿰钅昆,钅
锡,⿰钅易,钅
锢,⿰钅固,钅
锣,⿰钅罗,钅
锤,⿰钅垂,钅
锥,⿰钅隹,钅
锦,⿰钅帛,钅
锨,⿰钅欣,钅
锩,⿰钅卷,钅
锪,⿰钅忽,钅
锫,⿰钅咅,钅
锬,⿰钅炎,钅
锭,⿰钅定,钅
键,⿰钅建,钅
锯,⿰钅居,钅
锰,⿰钅孟,钅
锱,⿰钅甾,钅
锲,⿰钅契,钅
锴,⿰钅皆,钅
锵,⿰钅将,钅
锶,⿰钅思,钅
锷,⿰钅咢,钅
锸,⿰钅臿,钅
锹,⿰钅秋,钅
锺,⿰钅重,钅
锻,⿰钅段,钅
锼,⿰钅叟,钅
锾,⿰钅爰,钅
锿,⿰钅哀,钅
镀,⿰钅度,钅
镁,⿰钅美,钅
镂,⿰钅娄,钅
镄,⿰钅费,钅
镅,⿰钅眉,钅
镆,⿰钅莫,钅
镇,⿰钅真,钅
镈,⿰钅尃,钅
镉,⿰钅鬲,钅
镊,⿰钅聂,钅
镌,⿰钅隽,钅
镍,⿰钅臬,钅
镎,⿰钅拿,钅
镏,⿰钅留,钅
镐,⿰钅高,钅
镑,⿰钅旁,钅
镒,⿰钅益,钅
镓,⿰钅家,钅
镔,⿰钅宾,钅
镕,⿰钅容,钅
镖,⿰钅票,钅
镗,⿰钅堂,钅
镘,⿰钅曼,钅
镙,⿰钅累,钅
镚,⿰钅崩,钅
镛,⿰钅庸,钅
镜,⿰钅竟,钅
镝,⿰钅啇,钅
镞,⿰钅族,钅
镟,⿰钅旋,钅
镡,⿰钅覃,钅
镢,⿰钅厥,钅
镣,⿰钅尞,钅
镤,⿰钅菐,钅
镥,⿰钅鲁,钅
镦,⿰钅敦,钅
镧,⿰钅阑,钅
镨,⿰钅普,钅
镩,⿰钅窜,钅
镪,⿰钅强,钅
镫,⿰钅登,钅
镬,⿰钅蒦,钅
镭,⿰钅雷,钅
镯,⿰钅蜀,钅
镰,⿰钅廉,钅
镱,⿰钅意,钅
镲,⿰钅察,钅
镳,⿰钅麃,钅
镴,⿰钅巤,钅
镶,⿰钅襄,钅
長,⿱？衣,長
镸,⿱？厶,镸
长,口,长
門,⿵門？,門
閂,⿵門一,門
閃,⿵門人,門
閉,⿵門才,門
開,⿵門开,門
閎,⿵門厷,門
閏,⿵門王,門
閑,⿵門木,門
閒,⿵門月,門
間,⿵門日,門
閔,⿵門文,門
閘,⿵門甲,門
閡,⿵門亥,門
閣,⿵門各,門
閤,⿵門合,門
閥,⿵門伐,門
閦,⿵門众,門
閨,⿵門圭,門
閩,⿵門虫,門
閫,⿵門困,門
閬,⿵門良,門
閭,⿵門吕,門
閱,⿵門兌,門
閵,⿵門隹,門
閶,⿵門昌,門
閹,⿵門奄,門
閻,⿵門臽,門
閼,⿵門於,門
閾,⿵門或,門
闃,⿵門狊,門
闆,⿵門品,門
闈,⿵門韋,門
闉,⿵門垔,門
闊,⿵門活,門
闌,⿵門柬,門
闔,⿵門盍,門
闕,⿵門欮,門
闖,⿵門馬,門
關,⿵門？,門
闞,⿵門敢,門
闡,⿵門單,門
闢,⿵門辟,門
门,⿵门？,门
闩,⿵门一,门
闪,⿵门人,门
闫,⿵门三,门
闭,⿵门才,门
问,⿵门口,门
闯,⿵门马,门
闰,⿵门王,门
闱,⿵门韦,门
闲,⿵门木,门
闳,⿵门厷,门
间,⿵门日,门
闵,⿵门文,门
闶,⿵门亢,门
闷,⿵门心,门
闸,⿵门甲,门
闹,⿵门市,门
闺,⿵门圭,门
闻,⿵门耳,门
闼,⿵门达,门
闽,⿵门虫,门
闾,⿵门吕,门
阀,⿵门伐,门
阁,⿵门各,门
阂,⿵门亥,门
阃,⿵门困,门
阄,⿵门龟,门
阅,⿵门兑,门
阆,⿵门良,门
阇,⿵门者,门
阈,⿵门或,门
阉,⿵门奄,门
阊,⿵门昌,门
阋,⿵门兒,门
阌,⿵门受,门
阍,⿵门昏,门
阎,⿵门臽,门
阏,⿵门於,门
阐,⿵门单,门
阑,⿵门柬,门
阒,⿵门狊,门
阔,⿵门活,门
阕,⿵门癸,门
阖,⿵门盍,门
阗,⿵门真,门
阙,⿵门欮,门
阚,⿵门敢,门
阜,⿱？十,阜
阞,⿰阝力,阝
队,⿰阝人,阝
阡,⿰阝千,阝
阢,⿰阝兀,阝
阪,⿰阝反,阝
阮,⿰阝元,阝
阱,⿰阝井,阝
防,⿰阝方,阝
阳,⿰阝日,阝
阴,⿰阝⺼,阝
阵,⿰阝车,阝
阶,⿰阝介,阝
阻,⿰阝且,阝
阼,⿰阝乍,阝
阽,⿰阝占,阝
阿,⿰阝可,阝
陀,⿰阝它,阝
陂,⿰阝皮,阝
附,⿰阝付,阝
际,⿰阝示,阝
陆,⿰阝击,阝
陇,⿰阝龙,阝
陈,⿰阝东,阝
陉,⿰阝巠,阝
陋,⿰阝？,阝
陌,⿰阝百,阝
降,⿰阝夅,阝
陏,⿰阝有,阝
限,⿰阝艮,阝
陔,⿰阝亥,阝
陕,⿰阝夹,阝
陘,⿰阝巠,阝
陛,⿰阝坒,阝
陜,⿰阝夾,阝
陝,⿰阝夾,阝
陞,⿰阝？,阝
陟,⿰阝步,阝
陡,⿰阝走,阝
院,⿰阝完,阝
陣,⿰阝車,阝
除,⿰阝余,阝
陧,⿰阝里,阝
陨,⿰阝员,阝
险,⿰阝佥,阝
陪,⿰阝咅,阝
陬,⿰阝取,阝
陰,⿰阝侌,阝
陲,⿰阝垂,阝
陳,⿰阝東,阝
陴,⿰阝卑,阝
陵,⿰阝夌,阝
陶,⿰阝匋,阝
陷,⿰阝臽,阝
陸,⿰阝坴,阝
陽,⿰阝昜,阝
䧖,⿰阝戔,阝
隄,⿰阝是,阝
隅,⿰阝禺,阝
隆,⿰阝？,阝
隈,⿰阝畏,阝
隉,⿰阝？,阝
隊,⿰阝㒸,阝
隋,⿰阝？,阝
隍,⿰阝皇,阝
階,⿰阝皆,阝
随,⿰阝迶,阝
隐,⿰阝急,阝
隔,⿰阝鬲,阝
隕,⿰阝員,阝
隗,⿰阝鬼,阝
隘,⿰阝益,阝
隙,⿰阝？,阝
際,⿰阝祭,阝
障,⿰阝章,阝
隡,⿰阝産,阝
隧,⿰阝遂,阝
隨,⿰阝遀,阝
險,⿰阝僉,阝
隰,⿰阝㬎,阝
隱,⿰阝㥯,阝
隳,⿱隋小,阝
隴,⿰阝龍,阝
隶,⿱？氺,隶
隸,⿰柰隶,隶
隺,⿱冖隹,隹
隻,⿱隹又,隹
隼,⿱隹十,隹
隽,⿱隹乃,隹
难,⿰又隹,又
雀,⿱少隹,隹
雁,⿸厂倠,隹
雄,⿰厷隹,隹
雅,⿰牙隹,隹
集,⿱隹木,隹
雇,⿸户隹,隹
雈,⿱艹隹,隹
雉,⿰矢隹,隹
雋,⿱隹弓,隹
雌,⿰此隹,隹
雍,⿱亠？,隹
雎,⿰且隹,隹
雏,⿰刍隹,隹
雐,⿸虍隹,虍
雒,⿰各隹,隹
雔,⿰隹隹,隹
雕,⿰周隹,隹
雖,⿰虽隹,隹
雙,⿱雔又,隹
雚,⿱艹隹,隹
雛,⿰芻隹,隹
雜,⿰？隹,隹
雝,⿰邕隹,隹
雞,⿰奚隹,隹
雠,⿰隹隹,隹
離,⿰离隹,隹
難,⿰堇隹,隹
雨,⿱雨？,雨
雩,⿱雨亏,雨
雪,⿱雨彐,雨
雯,⿱雨文,雨
雲,⿱雨云,雨
雳,⿱雨历,雨
零,⿱雨令,雨
雷,⿱雨田,雨
雹,⿱雨包,雨
電,⿱雨电,雨
雾,⿱雨务,雨
需,⿱雨而,雨
霁,⿱雨齐,雨
霂,⿱雨沐,雨
霄,⿱雨肖,雨
霅,⿱雨言,雨
霆,⿱雨廷,雨
震,⿱雨辰,雨
霈,⿱雨沛,雨
霉,⿱雨每,雨
霍,⿱雨隹,雨
霎,⿱雨妾,雨
霏,⿱雨非,雨
霑,⿱雨沾,雨
霓,⿱雨兒,雨
霖,⿱雨林,雨
霜,⿱雨相,雨
霝,⿱雨？,雨
霞,⿱雨叚,雨
霡,⿱雨脉,雨
霢,⿱雨脈,雨
霧,⿱雨務,雨
霪,⿱雨淫,雨
霭,⿱雨谒,雨
霰,⿱雨散,雨
露,⿱雨路,雨
霸,⿱雨？,雨
霹,⿱雨辟,雨
霽,⿱雨齊,雨
霾,⿱雨貍,雨
靂,⿱雨歷,雨
靈,⿱雨巫,雨
靑,⿱龶？,靑
青,⿱龶月,青
靓,⿰青见,青
靖,⿰立青,青
静,⿰青争,青
靚,⿰青見,青
靛,⿰青定,青
靜,⿰青爭,青
非,口,非
靠,⿱告非,非
靡,⿸广非,非
面,⿱一？,面
靥,⿸厂面,厂
靦,⿰面見,面
革,⿰革？,革
靳,⿰革斤,革
靴,⿰革化,革
靶,⿰革巴,革
靼,⿰革旦,革
鞅,⿰革央,革
鞋,⿰革圭,革
鞍,⿰革安,革
鞏,⿱巩革,革
鞑,⿰革达,革
鞒,⿰革乔,革
鞔,⿰革免,革
鞘,⿰革肖,革
鞠,⿰革匊,革
鞣,⿰革柔,革
鞦,⿰革秋,革
鞫,⿰革訇,革
鞭,⿰革便,革
鞮,⿰革是,革
鞯,⿰革荐,革
鞲,⿰革冓,革
鞴,⿰革？,革
韁,⿰革畺,革
韃,⿰革達,革
韆,⿰革遷,革
韋,口韋,韋
韌,⿰韋刃,韋
韓,⿰龺韋,韋
韙,⿰是韋,韋
韜,⿰韋舀,韋
韦,口韦,韦
韧,⿰韦刃,韦
韩,⿰龺韦,韦
韪,⿰是韦,韦
韫,⿰韦昷,韦
韬,⿰韦舀,韦
韭,⿱非一,韭
韰,⿱？一,韭
韱,⿰韭戈,韭
音,⿱立日,音
韵,⿰音匀,音
韶,⿰音召,音
韻,⿰音員,音
響,⿱鄉音,音
頁,⿰？頁,頁
頂,⿰丁頁,頁
頃,⿰匕頁,頁
項,⿰工頁,頁
順,⿰川頁,頁
須,⿰彡頁,頁
頊,⿰王頁,頁
頌,⿰公頁,頁
頏,⿰亢頁,頁
預,⿰予頁,頁
頑,⿰元頁,頁
頒,⿰分頁,頁
頓,⿰屯頁,頁
頗,⿰皮頁,頁
領,⿰令頁,頁
頜,⿰合頁,頁
頡,⿰吉頁,頁
頤,⿰臣頁,頁
頦,⿰亥頁,頁
頭,⿰豆頁,頁
頰,⿰夾頁,頁
頷,⿰含頁,頁
頸,⿰巠頁,頁
頹,⿰禿頁,頁
頻,⿰步頁,頁
顆,⿰果頁,頁
題,⿰是頁,頁
額,⿰客頁,頁
顎,⿰咢頁,頁
顏,⿰彥頁,頁
顓,⿰耑頁,頁
顗,⿰豈頁,頁
願,⿰原頁,頁
顙,⿰桑頁,頁
顛,⿰真頁,頁
類,⿰？頁,頁
顥,⿰景頁,頁
顧,⿰雇頁,頁
顫,⿰亶頁,頁
顬,⿰需頁,頁
顯,⿰㬎頁,頁
顰,⿱頻卑,頁
顱,⿰盧頁,頁
顳,⿰聶頁,頁
顴,⿰雚頁,頁
页,⿰?页,页
顶,⿰丁页,页
顷,⿰匕页,页
顸,⿰干页,页
项,⿰工页,页
顺,⿰川页,页
须,⿰彡页,页
顼,⿰王页,页
顽,⿰元页,页
顾,⿰厄页,页
顿,⿰屯页,页
颀,⿰斤页,页
颁,⿰分页,页
颂,⿰公页,页
颃,⿰亢页,页
预,⿰予页,页
颅,⿰卢页,页
领,⿰令页,页
颇,⿰皮页,页
颈,⿰？页,页
颉,⿰吉页,页
颊,⿰夹页,页
颌,⿰合页,页
颍,⿰？页,页
颏,⿰亥页,页
颐,⿰臣页,页
频,⿰步页,页
颓,⿰秃页,页
颔,⿰含页,页
颖,⿰?页,页
颗,⿰果页,页
题,⿺是页,页
颚,⿰咢页,页
颛,⿰耑页,页
颜,⿰彦页,页
额,⿰客页,页
颞,⿰聂页,页
颟,⿰?页,页
颠,⿰真页,页
颡,⿰桑页,页
颢,⿰景页,页
颤,⿰亶页,页
颥,⿰需页,页
颦,⿱频卑,十
颧,⿰雚页,页
風,⿵几?,風
颭,⿰風占,風
颯,⿰立風,風
颱,⿺風台,風
颳,⿰風舌,風
颶,⿰風具,風
颻,⿰䍃風,風
颼,⿰風叟,風
飄,⿰票風,風
飆,⿰猋風,風
风,⿵几?,风
飐,⿰风占,风
飑,⿰风包,风
飒,⿰立风,风
飓,⿰风具,风
飕,⿰风叟,风
飖,⿰䍃风,风
飘,⿰票风,风
飙,⿰猋风,风
飚,⿰风焱,风
飛,口,飛
飞,口,飞
食,⿱人衣,食
飠,⿰飠？,飠
飢,⿰飠几,飠
飧,⿰夕食,食
飨,⿰乡食,食
飩,⿰飠屯,飠
飪,⿰飠壬,飠
飫,⿰飠夭,飠
飬,⿱龹食,食
飭,⿰飠？,飠
飯,⿰飠反,飠
飲,⿰飠欠,飠
飴,⿰飠台,飠
飼,⿰飠司,飠
飽,⿰飠包,飠
飾,⿰飠？,飠
餃,⿰飠交,飠
餄,⿰飠合,飠
餅,⿰飠并,飠
餉,⿰飠向,飠
養,⿱羊食,食
餌,⿰飠耳,飠
餍,⿸厌食,食
餎,⿰飠各,飠
餐,⿱？食,食
餑,⿰飠孛,飠
餒,⿰飠妥,飠
餓,⿰飠我,飠
餕,⿰飠夋,飠
餘,⿰飠余,飠
餚,⿰飠肴,飠
餛,⿰飠昆,飠
餞,⿰飠戔,飠
餡,⿰飠臽,飠
館,⿰飠官,飠
餬,⿰飠胡,飠
餮,⿱殄食,食
餵,⿰飠畏,飠
餼,⿰飠氣,飠
餾,⿰飠留,飠
餿,⿰飠叟,飠
饃,⿰飠莫,飠
饅,⿰飠曼,飠
饈,⿰飠羞,飠
饉,⿰飠堇,飠
饊,⿰飠散,飠
饋,⿰飠貴,飠
饌,⿰飠巽,飠
饑,⿰飠幾,飠
饒,⿰飠堯,飠
饔,⿱雍食,食
饕,⿱號食,食
饗,⿱鄉食,食
饜,⿸厭食,食
饞,⿰飠毚,飠
饢,⿰飠囊,飠
饣,⿰饣？,饣
饥,⿰饣几,饣
饧,⿰饣昜,饣
饨,⿰饣屯,饣
饩,⿰饣气,饣
饪,⿰饣壬,饣
饫,⿰饣夭,饣
饬,⿰饣？,饣
饭,⿰饣反,饣
饮,⿰饣欠,饣
饯,⿰饣戋,饣
饰,⿰饣？,饣
饱,⿰饣包,饣
饲,⿰饣司,饣
饴,⿰饣台,饣
饵,⿰饣耳,饣
饶,⿰饣尧,饣
饷,⿰饣向,饣
饸,⿰饣合,饣
饹,⿰饣各,饣
饺,⿰饣交,饣
饼,⿰饣并,饣
饽,⿰饣孛,饣
饿,⿰饣我,饣
馀,⿰饣余,饣
馁,⿰饣妥,饣
馂,⿰饣夋,饣
馄,⿰饣昆,饣
馅,⿰饣臽,饣
馆,⿰饣官,饣
馇,⿰饣查,饣
馈,⿰饣贵,饣
馊,⿰饣叟,饣
馋,⿰饣？,饣
馍,⿰饣莫,饣
馏,⿰饣留,饣
馐,⿰饣羞,饣
馑,⿰饣堇,饣
馒,⿰饣曼,饣
馓,⿰饣散,饣
馔,⿰饣巽,饣
馕,⿰饣囊,饣
首,⿱？目,首
馗,⿰九首,首
馘,⿰首或,首
香,⿱禾日,香
馥,⿰香复,香
馨,⿱殸香,香
馬,⿱？馬,馬
馭,⿰馬又,馬
馮,⿰冫馬,馬
馱,⿰馬大,馬
馳,⿰馬也,馬
馴,⿰馬川,馬
駁,⿰馬爻,馬
駐,⿰馬主,馬
駑,⿱奴馬,馬
駒,⿰馬句,馬
駕,⿱加馬,馬
駙,⿰馬付,馬
駛,⿰馬史,馬
駝,⿰馬它,馬
駟,⿰馬四,馬
駢,⿰馬并,馬
駭,⿰馬亥,馬
駮,⿰馬交,馬
駱,⿰馬各,馬
駿,⿰馬夋,馬
騁,⿰馬甹,馬
騅,⿰馬隹,馬
騎,⿰馬奇,馬
騖,⿱敄馬,馬
騙,⿰馬扁,馬
騫,⿱宀馬,馬
騭,⿱陟馬,馬
騮,⿰馬留,馬
騰,⿸朕馬,馬
騶,⿰馬芻,馬
騷,⿰馬蚤,馬
騾,⿰馬累,馬
驀,⿱艹馬,馬
驅,⿰馬區,馬
驊,⿰馬華,馬
驌,⿰馬肅,馬
驎,⿰馬粦,馬
驕,⿰馬喬,馬
驗,⿰馬僉,馬
驚,⿱敬馬,馬
驛,⿰馬睪,馬
驟,⿰馬聚,馬
驢,⿰馬盧,馬
驤,⿰馬襄,馬
驥,⿰馬冀,馬
驦,⿰馬霜,馬
驪,⿰馬麗,馬
马,⿱？马,马
驭,⿰马又,马
驮,⿰马大,马
驯,⿰马川,马
驰,⿰马也,马
驱,⿰马区,马
驳,⿰马爻,马
驴,⿰马户,马
驵,⿰马且,马
驶,⿰马史,马
驷,⿰马四,马
驸,⿰马付,马
驹,⿰马句,马
驺,⿰马刍,马
驻,⿰马主,马
驼,⿰马它,马
驽,⿱奴马,马
驾,⿱加马,马
驿,⿰马？,马
骀,⿰马台,马
骁,⿰马尧,马
骂,⿱吕马,马
骄,⿰马乔,马
骅,⿰马华,马
骆,⿰马各,马
骇,⿰马亥,马
骈,⿰马并,马
骊,⿰马丽,马
骋,⿰马甹,马
验,⿰马佥,马
骏,⿰马夋,马
骐,⿰马其,马
骑,⿰马奇,马
骒,⿰马果,马
骓,⿰马隹,马
骕,⿰马肃,马
骖,⿰马参,马
骗,⿰马扁,马
骘,⿱陟马,马
骚,⿰马蚤,马
骛,⿱敄马,马
骜,⿱敖马,马
骝,⿰马留,马
骞,⿱宀马,马
骟,⿰马扇,马
骠,⿰马票,马
骡,⿰马累,马
骢,⿰马悤,马
骣,⿰马孱,马
骤,⿰马聚,马
骥,⿰马冀,马
骦,⿰马霜,马
骧,⿰马襄,马
骨,⿰骨?,骨
骯,⿰骨亢,骨
骰,⿰骨殳,骨
骱,⿰骨介,骨
骶,⿰骨氐,骨
骷,⿰骨古,骨
骸,⿰骨亥,骨
骺,⿰骨后,骨
骼,⿰骨各,骨
髀,⿰骨卑,骨
髁,⿰骨果,骨
髂,⿰骨客,骨
髅,⿰骨娄,骨
髋,⿰骨宽,骨
髌,⿰骨宾,骨
髑,⿰骨蜀,骨
髒,⿰骨葬,骨
髓,⿰骨？,骨
體,⿰骨豊,骨
髕,⿰骨賓,骨
髖,⿰骨寬,骨
高,⿱亠？,高
髟,⿰彡,彡
髡,⿱髟兀,髟
髦,⿱髟毛,髟
髫,⿱髟召,髟
髭,⿱髟此,髟
髮,⿱髟犮,髟
髯,⿱髟冉,髟
髹,⿱髟休,髟
髻,⿱髟吉,髟
鬃,⿱髟宗,髟
鬄,⿱髟易,髟
鬆,⿱髟松,髟
鬈,⿱髟卷,髟
鬍,⿱髟胡,髟
鬏,⿱髟秋,髟
鬒,⿱髟真,髟
鬓,⿱髟宾,髟
鬚,⿱髟須,髟
鬟,⿱髟睘,髟
鬢,⿱髟賓,髟
鬣,⿱髟巤,髟
鬥,⿵鬥？,鬥
鬧,⿵鬥市,鬥
鬨,⿵鬥共,鬥
鬩,⿵鬥兒,鬥
鬭,⿵鬥斲,鬥
鬮,⿵鬥龜,鬥
鬯,⿱？匕,鬯
鬱,⿱？？,鬯
鬲,⿱一？,鬲
鬳,⿸虍鬲,鬲
鬻,⿱粥鬲,鬲
鬼,⿰?鬼,鬼
魁,⿰鬼斗,鬼
魂,⿰云鬼,鬼
魃,⿰鬼犮,鬼
魄,⿰白鬼,鬼
魅,⿰鬼未,鬼
魆,⿰鬼戉,鬼
魇,⿸厂鬼,鬼
魈,⿰鬼肖,鬼
魉,⿰鬼两,鬼
魍,⿰鬼罔,鬼
魎,⿰鬼兩,鬼
魏,⿰委鬼,鬼
魑,⿰鬼离,鬼
魔,⿸广鬼,鬼
魖,⿰鬼虚,鬼
魘,⿸厂鬼,鬼
魚,⿱？灬,魚
魝,⿰魚刂,魚
魠,⿰魚乇,魚
魯,⿱魚日,魚
魷,⿰魚尤,魚
鮃,⿰魚平,魚
鮑,⿰魚包,魚
鮨,⿰魚旨,魚
鮪,⿰魚有,魚
鮫,⿰魚交,魚
鮭,⿰魚圭,魚
鮮,⿰魚羊,魚
鯇,⿰魚完,魚
鯉,⿰魚里,魚
鯊,⿱沙魚,魚
鯔,⿰魚甾,魚
鯕,⿰魚其,魚
鯖,⿰魚青,魚
鯗,⿱羊魚,魚
鯛,⿰魚周,魚
鯡,⿰魚非,魚
鯢,⿰魚兒,魚
鯤,⿰魚昆,魚
鯧,⿰魚昌,魚
鯨,⿰魚京,魚
鯪,⿰魚夌,魚
鯫,⿰魚取,魚
鯰,⿰魚念,魚
鯷,⿰魚是,魚
䱠,⿰魚戔,魚
鯽,⿰魚即,魚
鰂,⿰魚則,魚
鰆,⿰魚春,魚
鰈,⿰魚枼,魚
鰓,⿰魚思,魚
鰟,⿰魚旁,魚
鰣,⿰魚時,魚
鰥,⿰魚眔,魚
鰭,⿰魚耆,魚
鰱,⿰魚連,魚
鰲,⿱敖魚,魚
鰹,⿰魚堅,魚
鰻,⿰魚曼,魚
鰾,⿰魚票,魚
鱀,⿱既魚,魚
鱄,⿰魚專,魚
鱅,⿰魚庸,魚
鱆,⿰魚章,魚
鱈,⿰魚雪,魚
鱉,⿱敝魚,魚
鱒,⿰魚尊,魚
鱔,⿰魚善,魚
鱖,⿰魚厥,魚
鱗,⿰魚粦,魚
鱘,⿰魚尋,魚
鱠,⿰魚會,魚
鱣,⿰魚亶,魚
鱥,⿰魚歲,魚
鱧,⿰魚豊,魚
鱷,⿰魚噩,魚
鱸,⿰魚盧,魚
鱺,⿰魚麗,魚
鱻,品魚,魚
鱼,⿱⺈一,鱼
鱿,⿰鱼尤,鱼
鲁,⿱鱼日,鱼
鲂,⿰鱼方,鱼
鲃,⿰鱼巴,鱼
鲅,⿰鱼犮,鱼
鲆,⿰鱼平,鱼
鲇,⿰鱼占,鱼
鲈,⿰鱼卢,鱼
鲋,⿰鱼付,鱼
鲍,⿰鱼包,鱼
鲎,⿱⺍鱼,鱼
鲐,⿰鱼台,鱼
鲑,⿰鱼圭,鱼
鲒,⿰鱼吉,鱼
鲔,⿰鱼有,鱼
鲕,⿰鱼而,鱼
鲗,⿰鱼则,鱼
鲙,⿰鱼会,鱼
鲚,⿰鱼齐,鱼
鲛,⿰鱼交,鱼
鲜,⿰鱼羊,鱼
鲞,⿱龹鱼,鱼
鲟,⿰鱼寻,鱼
鲠,⿰鱼更,鱼
鲡,⿰鱼丽,鱼
鲢,⿰鱼连,鱼
鲣,⿰鱼坚,鱼
鲤,⿰鱼里,鱼
鲥,⿰鱼时,鱼
鲦,⿰鱼条,鱼
鲧,⿰鱼系,鱼
鲨,⿱沙鱼,鱼
鲩,⿰鱼完,鱼
鲫,⿰鱼即,鱼
鲭,⿰鱼青,鱼
鲮,⿰鱼夌,鱼
鲯,⿰鱼其,鱼
鲰,⿰鱼取,鱼
鲱,⿰鱼非,鱼
鲲,⿰鱼昆,鱼
鲳,⿰鱼昌,鱼
鲴,⿰鱼固,鱼
鲵,⿰鱼兒,鱼
鲶,⿰鱼念,鱼
鲷,⿰鱼周,鱼
鲸,⿰鱼京,鱼
鲺,⿰鱼虱,鱼
鲻,⿰鱼甾,鱼
鲼,⿰鱼贲,鱼
鲽,⿰鱼枼,鱼
鳀,⿰鱼是,鱼
鳃,⿰鱼思,鱼
鳄,⿰鱼咢,鱼
鳅,⿰鱼秋,鱼
鳆,⿰鱼复,鱼
鳇,⿰鱼皇,鱼
鳊,⿰鱼扁,鱼
鳋,⿰鱼蚤,鱼
鳌,⿱敖鱼,鱼
鳍,⿰鱼耆,鱼
鳎,⿰鱼？,鱼
鳏,⿰鱼眔,鱼
鳐,⿰鱼䍃,鱼
鳑,⿰鱼旁,鱼
鳓,⿰鱼勒,鱼
鳔,⿰鱼票,鱼
鳕,⿰鱼雪,鱼
鳖,⿱敝鱼,鱼
鳗,⿰鱼曼,鱼
鳘,⿱敏鱼,鱼
鳙,⿰鱼庸,鱼
鳜,⿰鱼厥,鱼
鳝,⿰鱼善,鱼
鳞,⿰鱼粦,鱼
鳟,⿰鱼尊,鱼
鳢,⿰鱼豊,鱼
鳣,⿰鱼亶,鱼
鳥,⿱？鳥,鳥
鳧,⿱鳥几,鳥
鳩,⿰九鳥,鳥
鳳,⿵几鳥,鳥
鳴,⿰口鳥,鳥
鳶,⿱弋鳥,鳥
鴂,⿰夬鳥,鳥
鴆,⿰冘鳥,鳥
鴇,⿰？鳥,鳥
鴈,⿸厂鳥,鳥
鴉,⿰牙鳥,鳥
鴒,⿰令鳥,鳥
鴔,⿰乏鳥,鳥
鴕,⿰鳥它,鳥
鴛,⿱夗鳥,鳥
鴞,⿰号鳥,鳥
鴟,⿰氐鳥,鳥
鴣,⿰古鳥,鳥
鴦,⿱央鳥,鳥
鴨,⿰甲鳥,鳥
鴯,⿰而鳥,鳥
鴰,⿰舌鳥,鳥
鴴,⿰行鳥,鳥
鴻,⿰江鳥,鳥
鴿,⿰合鳥,鳥
鵂,⿰休鳥,鳥
鵑,⿰肙鳥,鳥
鵒,⿰谷鳥,鳥
鵓,⿰孛鳥,鳥
鵜,⿰弟鳥,鳥
鵝,⿰我鳥,鳥
鵠,⿰告鳥,鳥
鵡,⿰武鳥,鳥
鵪,⿰奄鳥,鳥
鵬,⿰朋鳥,鳥
鵯,⿰卑鳥,鳥
鵰,⿰周鳥,鳥
鵲,⿰昔鳥,鳥
鵾,⿰昆鳥,鳥
鶇,⿰東鳥,鳥
鶉,⿰享鳥,鳥
鶊,⿰庚鳥,鳥
鶓,⿰苗鳥,鳥
鶖,⿱秋鳥,鳥
鶘,⿰胡鳥,鳥
鶚,⿰咢鳥,鳥
鶩,⿱敄鳥,鳥
鶬,⿰倉鳥,鳥
鶯,⿱炏鳥,鳥
鶴,⿰隺鳥,鳥
鶹,⿰留鳥,鳥
鶺,⿰脊鳥,鳥
鶻,⿰骨鳥,鳥
鶼,⿰兼鳥,鳥
鷀,⿰兹鳥,鳥
鷂,⿰䍃鳥,鳥
鷄,⿰奚鳥,鳥
鷈,⿰鳥虒,鳥
鷉,⿰虒鳥,鳥
鷓,⿰庶鳥,鳥
鷗,⿰區鳥,鳥
鷙,⿱執鳥,鳥
鷦,⿰焦鳥,鳥
鷫,⿰肅鳥,鳥
鷯,⿰尞鳥,鳥
鷲,⿱就鳥,鳥
鷸,⿰矞鳥,鳥
鷹,⿸厂鳥,鳥
鷺,⿱路鳥,鳥
鷿,⿱辟鳥,鳥
鸂,⿰氵鷄,鳥
鸊,⿰辟鳥,鳥
鸕,⿰盧鳥,鳥
鸘,⿰霜鳥,鳥
鸚,⿰嬰鳥,鳥
鸝,⿰麗鳥,鳥
鸞,⿱䜌鳥,鳥
鸟,⿱？鸟,鸟
鸠,⿰九鸟,鸟
鸡,⿰又鸟,鸟
鸢,⿱弋鸟,鸟
鸣,⿰口鸟,口
鸥,⿰区鸟,鸟
鸦,⿰牙鸟,鸟
鸧,⿰仓鸟,鸟
鸨,⿰？鸟,鸟
鸩,⿰冘鸟,鸟
鸪,⿰古鸟,鸟
鸫,⿰东鸟,鸟
鸬,⿰卢鸟,鸟
鸭,⿰甲鸟,鸟
鸮,⿰号鸟,鸟
鸯,⿱央鸟,鸟
鸰,⿰令鸟,鸟
鸱,⿰氐鸟,鸟
鸲,⿰句鸟,鸟
鸳,⿱夗鸟,鸟
鸵,⿰鸟它,鸟
鸶,⿱丝鸟,鸟
鸷,⿱执鸟,鸟
鸸,⿰而鸟,鸟
鸹,⿰舌鸟,鸟
鸺,⿰休鸟,鸟
鸻,⿰行鸟,鸟
鸽,⿰合鸟,鸟
鸾,⿱亦鸟,鸟
鸿,⿰江鸟,鸟
鹁,⿰孛鸟,鸟
鹂,⿰丽鸟,鸟
鹃,⿰肙鸟,鸟
鹄,⿰告鸟,鸟
鹅,⿰我鸟,鸟
鹆,⿰谷鸟,鸟
鹇,⿰闲鸟,鸟
鹈,⿰弟鸟,鸟
鹉,⿰武鸟,鸟
鹊,⿰昔鸟,鸟
鹋,⿰苗鸟,鸟
鹌,⿰奄鸟,鸟
鹍,⿰昆鸟,鸟
鹎,⿰卑鸟,鸟
鹏,⿰朋鸟,鸟
鹑,⿰享鸟,鸟
鹒,⿰庚鸟,鸟
鹔,⿰肃鸟,鸟
鹕,⿰胡鸟,鸟
鹗,⿰咢鸟,鸟
鹘,⿰骨鸟,鸟
鹙,⿱秋鸟,鸟
鹚,⿰兹鸟,鸟
鹛,⿰眉鸟,鸟
鹜,⿱敄鸟,鸟
鹞,⿰？鸟,鸟
鹠,⿰留鸟,鸟
鹡,⿰脊鸟,鸟
鹣,⿰兼鸟,鸟
鹤,⿰隺鸟,鸟
鹦,⿰婴鸟,鸟
鹧,⿰庶鸟,鸟
鹨,⿰翏鸟,鸟
鹩,⿰尞鸟,鸟
鹪,⿰焦鸟,鸟
鹫,⿱就鸟,鸟
鹬,⿰矞鸟,鸟
鹭,⿱路鸟,鸟
鹮,⿰睘鸟,鸟
鹰,⿸广鸟,鸟
鹱,⿰鸟蒦,鸟
鹳,⿰雚鸟,鸟
鹴,⿰霜鸟,鸟
鹵,⿰鹵?,鹵
鹹,⿰鹵咸,鹵
鹼,⿰鹵僉,鹵
鹽,⿱？皿,鹵
鹾,⿰卤差,卤
鹿,⿸广？,鹿
麂,⿸鹿几,鹿
麃,⿸鹿灬,鹿
麇,⿸鹿禾,鹿
麈,⿸鹿主,鹿
麋,⿸鹿米,鹿
麒,⿰鹿其,鹿
麓,⿱林鹿,鹿
麗,⿱丽鹿,鹿
麝,⿸广射,鹿
麟,⿰鹿粦,鹿
麥,⿰麥？,麥
麦,⿱龶夂,麦
麩,⿰麥夫,麥
麯,⿰麥曲,麥
麴,⿰麥匊,麥
麵,⿰麥面,麥
麸,⿰麦夫,麦
麻,⿸广林,麻
麼,⿸广幺,麻
麽,⿸广么,麻
麾,⿸广毛,麻
麿,⿸广吕,麻
黃,⿱？八,黃
黄,⿱艹八,黄
黉,⿱⺍黄,黄
黍,⿱禾？,黍
黎,⿰黍？,黍
黏,⿰黍占,黍
黑,⿱？灬,黑
黔,⿰黑今,黑
默,⿰黑犬,黑
黛,⿱代灬,黑
黜,⿰黑出,黑
黝,⿰黑幼,黑
點,⿰黑占,黑
黟,⿰黑多,黑
黠,⿰黑吉,黑
黢,⿰黑夋,黑
黥,⿰黑京,黑
黧,⿱？灬,黑
黨,⿱尚黑,黑
黩,⿰黑卖,黑
黪,⿰黑参,黑
黯,⿰黑音,音
黴,⿰彳攵,黑
黷,⿰黑賣,黑
黹,⿱业？,黹
黻,⿰黹犮,黹
黼,⿰黹甫,黹
黽,X,黽
黾,⿱口？,黾
黿,⿱元黽,黽
鼂,⿱日黽,黽
鼉,⿱？黽,黽
鼋,⿱元黾,龟
鼍,⿱兽黾,黾
鼎,口,鼎
鼐,⿱乃鼎,鼎
鼓,⿰？支,鼓
鼕,⿱鼓冬,鼓
鼗,⿱兆鼓,鼓
鼙,⿱鼓卑,鼓
鼠,⿱臼？,鼠
鼢,⿰鼠分,鼠
鼩,⿰鼠句,鼠
鼬,⿰鼠由,鼠
鼯,⿰鼠吾,鼠
鼱,⿰鼠青,鼠
鼴,⿰鼠匽,鼠
鼷,⿰鼠奚,鼠
鼹,⿰鼠晏,鼠
鼻,⿱白？,鼻
鼽,⿰鼻九,鼻
鼾,⿰鼻干,鼻
齄,⿰鼻查,鼻
齊,⿱亠？,齊
齋,⿱亠？,齊
齌,⿱亠？,齊
齎,⿱亠？,齊
齐,⿱文？,齐
齑,⿱文韭,齐
齒,⿰齒？,齒
齙,⿰齒包,齒
齜,⿰齒此,齒
齟,⿰齒且,齒
齡,⿰齒令,齒
齦,⿰齒艮,齒
齧,⿱㓞齒,齒
齪,⿰齒足,齒
齬,⿰齒吾,齒
齮,⿰齒奇,齒
齱,⿰齒取,齒
齲,⿰齒禹,齒
齵,⿰齒禺,齒
齶,⿰齒咢,齒
齷,⿰齒屋,齒
齿,⿰齿？,齿
龀,⿰齿匕,齿
龃,⿰齿且,齿
龄,⿰齿令,齿
龅,⿰齿包,齿
龆,⿰齿召,齿
龇,⿰齿此,齿
龈,⿰齿艮,齿
龉,⿰齿吾,齿
龊,⿰齿足,齿
龋,⿰齿禹,齿
龌,⿰齿屋,齿
龍,口,龍
龐,⿸广龍,龍
龔,⿱龍共,龍
龕,⿱人龍,龍
龙,口,龙
龚,⿱龙共,龙
龛,⿱人龙,龙
龜,口,龜
龟,⿱𠂊？,龟
龠,⿱人？,龠
龥,⿰龠頁,龠
龶,⿱龶？,龶
龹,⿱龹？,丿
龺,⿰龺？,日
